a line list in the range:    4340.00   4360.00
  4340.000       8.0     7.000     -9.69                                        
  4340.007 606.01212     0.763    -4.358                6.24            42qP3237
  4340.014 606.01212     0.288    -1.599                6.24            20rR3f30
  4340.016 606.01212     1.177    -3.990                6.24            75sR2125
  4340.020 606.01212     0.763    -3.839                6.24            42qQ2e37
  4340.022 606.01212     0.647    -4.066                6.24            31qQ2f42
  4340.029 606.01212     0.887    -5.921                6.24            64tR3109
  4340.032 106.00113     1.854    -7.872               3.464            CX04R195
  4340.036 606.01212     0.409    -4.117                6.24            31rQ3224
  4340.056 606.01212     0.763    -3.735                6.24            42qQ1f38
  4340.069 606.01212     0.984    -4.191                6.24            53qR1239
  4340.080 106.00113     1.854    -7.511               3.464            CX04R205
  4340.104 606.01212     1.438    -0.847                6.24            75rR3e43
  4340.109 606.01212     0.409    -1.320                6.24            31rR1e25
  4340.118 606.01213     0.170    -7.688                6.24            20tR3121
  4340.123      20.0     5.916     -5.04                                        
  4340.127      24.0     2.706     -0.77                                        
  4340.138 606.01212     0.647    -4.486                6.24            31qR1242
  4340.150 606.01212     0.647    -4.561                6.24            31qR2341
  4340.151 606.01212     1.177    -4.038                6.24            75sR3224
  4340.158 606.01213     0.721    -5.648                6.24            20qP2158
  4340.159 606.01213     0.170    -7.428                6.24            20tR3121
  4340.184 606.01212     0.984    -3.884                6.24            53qQ3f38
  4340.193 606.01212     0.131    -7.006                6.24            20tR3115
  4340.197      24.0     3.090     -4.41                                        
  4340.201 606.01212     0.562    -1.241                6.24            42rR1f20
  4340.202 606.01212     0.409    -1.337                6.24            31rR2f24
  4340.213 606.01212     0.687    -6.014                6.24            53tR3106
  4340.214 606.01212     0.984    -4.217                6.24            53qR2338
  4340.217 606.01213     0.721    -5.723                6.24            20qP3257
  4340.218      27.0     3.949     -3.54                                        
  4340.221 606.01212     0.763    -4.138                6.24            42qR1237
  4340.222 606.01213     0.721    -4.852                6.24            20qQ2e57
  4340.225 606.01212     0.989    -1.049                6.24            64rR1e25
  4340.226      27.0     2.868     -2.23                                LAWNHFS 
  4340.258 606.01212     0.508    -6.245                6.24            42sQ3111
  4340.274      26.0     4.073     -2.42                                        
  4340.288      23.0     2.606     -3.69                                        
  4340.289 606.01212     0.749    -3.744                6.24            53rQ3218
  4340.307 606.01213     0.389    -8.180                6.24            20rP3140
  4340.311 606.01213     0.389    -8.545                6.24            20rP3140
  4340.317 606.01212     0.562    -1.263                6.24            42rR2e19
  4340.319 606.01212     0.630    -4.754                6.24            31qP2142
  4340.321 606.01212     0.409    -1.354                6.24            31rR3e23
  4340.322 606.01212     1.421    -7.150                6.24            75rP3144
  4340.334 606.01212     0.989    -3.832                6.24            64rQ3224
  4340.348      44.0     2.012     -1.09                                        
  4340.349 606.01213     0.721    -4.779                6.24            20qQ1f58
  4340.350 606.01212     0.908    -6.146                6.24            64sQ3114
  4340.356 606.01212     0.748    -1.178                6.24            53rR1e19
  4340.377 606.01213     0.389    -4.984                6.24            20rQ2140
  4340.388 606.01212     0.763    -3.948                6.24            42qQ3f36
  4340.394 606.01212     0.699    -5.816                6.24            53sQ3110
  4340.401 106.00113     0.341    -5.519               3.464            BX01Q015
  4340.401 606.01212     0.763    -4.165                6.24            42qR2336
  4340.413 606.01213     0.721    -5.483                6.24            20qR1257
  4340.414 106.00113     0.341    -3.893               3.464            BX01R015
  4340.416 606.01212     0.630    -4.835                6.24            31qP3241
  4340.418 606.01212     0.989    -1.065                6.24            64rR2f24
  4340.432 106.00112     1.919    -4.619               3.464            AX44R215
  4340.433      23.0     2.579     -5.28                                        
  4340.440      24.0     3.077     -4.45                                        
  4340.451 606.01212     0.630    -4.055                6.24            31qQ2e41
  4340.461 606.01213     0.389    -4.991                6.24            20rQ3239
  4340.462       1.0    10.191     -0.45                                        
  4340.462      26.0     4.545     -4.34                                        
  4340.466      24.0     2.985     -3.19                                        
  4340.472 606.01212     1.421    -4.123                6.24            75rQ3243
  4340.473      22.0     2.343     -2.48                                        
  4340.480 606.01212     0.562    -1.283                6.24            42rR3f18
  4340.489      26.0     2.756     -3.50                                        
  4340.504 606.01212     0.749    -1.201                6.24            53rR2f18
  4340.514      26.0     3.428     -2.79                                        
  4340.514 606.01213     0.721    -4.927                6.24            20qQ3f56
  4340.515 606.01212     0.173    -7.605                6.24            20sQ3121
  4340.518 606.01213     0.721    -5.489                6.24            20qR2356
  4340.528 106.00113     1.572    -1.066               3.464            AX22Q245
  4340.536 606.01212     0.554    -7.802                6.24            42rP3119
  4340.540 606.01212     0.630    -3.959                6.24            31qQ1f42
  4340.542 606.01212     1.421    -4.114                6.24            75rQ2144
  4340.545 606.01212     0.741    -8.857                6.24            53rP3118
  4340.553      58.1     1.013     -0.79                                        
  4340.558 606.01212     0.558    -5.390                6.24            20qP3248
  4340.563      24.0     3.889     -1.79                                        
  4340.567 606.01212     0.558    -5.370                6.24            20qP2149
  4340.571 606.01212     0.307    -6.560                6.24            31tR3110
  4340.584      26.0     4.073     -2.94                                        
  4340.584 606.01213     0.389    -4.982                6.24            20rQ2140
  4340.591      64.0     2.181      0.56                                        
  4340.609 606.01212     0.989    -1.080                6.24            64rR3e23
  4340.609 606.01213     0.389    -4.980                6.24            20rQ3239
  4340.614 106.00113     1.572    -3.716               3.464            AX22R235
  4340.615 607.01214     3.520    -5.326               7.724          1415Qc0175
  4340.627 607.01214     3.520    -2.487               7.724          1415Pb0175
  4340.628 607.01214     3.520    -2.469               7.724          1415Pa0185
  4340.635 606.01212     0.331    -6.741                6.24            31sQ3115
  4340.639 606.01213     0.389    -1.778                6.24            20rR1e40
  4340.652 606.01212     1.108    -6.290                6.24            75tR3116
  4340.659 606.01212     0.558    -4.563                6.24            20qQ3e47
  4340.660 606.01212     1.421    -0.837                6.24            75rR1f44
  4340.663 606.01212     0.749    -1.223                6.24            53rR3e17
  4340.666 606.01212     0.908    -3.838                6.24            64sR2114
  4340.667      26.0     3.045     -3.29                                        
  4340.673 606.01212     0.630    -4.542                6.24            31qR1241
  4340.678 606.01213     0.389    -1.789                6.24            20rR2f39
  4340.683 106.00113     1.572    -3.700               3.464            AX22P245
  4340.693 606.01212     1.421    -0.847                6.24            75rR2e43
  4340.723 606.01213     0.389    -1.778                6.24            20rR1f40
  4340.729      57.0     1.046     -0.49                                        
  4340.734 606.01213     0.389    -1.789                6.24            20rR2e39
  4340.737 606.01212     0.554    -3.831                6.24            42rQ2119
  4340.738      42.0     3.317     -0.61                              NIST/B    
  4340.761 606.01213     0.389    -1.800                6.24            20rR3e38
  4340.769 106.00113     1.572    -1.074               3.464            AX22Q235
  4340.771 606.01212     0.630    -4.155                6.24            31qQ3f40
  4340.781      26.0     4.217     -3.20                                        
  4340.786      23.1     6.491     -3.31                                        
  4340.790      24.0     3.419     -4.18                                        
  4340.791 606.01212     0.399    -8.305                6.24            31rP3124
  4340.805 606.01212     0.558    -4.479                6.24            20qQ2f48
  4340.806 606.01212     0.630    -4.558                6.24            31qR2340
  4340.816 606.01212     0.699    -3.755                6.24            53sR2110
  4340.832 606.01213     0.389    -1.800                6.24            20rR3f38
  4340.834 606.01212     1.421    -0.857                6.24            75rR3f42
  4340.862 106.00112     1.806    -5.175               3.464            AX54P185
  4340.863      25.0     4.682     -3.99                                        
  4340.881 606.01212     1.167    -6.669                6.24            75sQ3124
  4340.895      90.0     1.005     -0.80                                        
  4340.905 606.01212     0.558    -5.078                6.24            20qR2347
  4340.909 606.01212     0.980    -8.248                6.24            64rP3124
  4340.909 606.01213     0.721    -5.731                6.24            20qP3257
  4340.911 606.01213     0.721    -5.725                6.24            20qP2158
  4340.917      68.0     1.432      0.41                                        
  4340.920 606.01212     0.969    -4.469                6.24            53qP2139
  4340.933 606.01212     0.173    -4.855                6.24            20sR2121
  4340.937 606.01212     0.275    -8.108                6.24            20rP3131
  4340.955 606.01212     0.969    -4.498                6.24            53qP3238
  4340.986 606.01213     0.721    -4.780                6.24            20qQ1e58
  4340.986 606.01213     0.721    -4.927                6.24            20qQ3e56
  4340.996      20.0     5.917     -3.93                                        
  4340.996 606.01212     0.741    -3.722                6.24            53rQ2118
  4340.997 606.01212     1.167    -3.965                6.24            75sR2124
  4341.010      23.0     0.040     -0.95                                        
  4341.019 606.01212     0.508    -4.143                6.24            42sR2111
  4341.024      90.1     2.873      0.18                                        
  4341.043 606.01212     0.275    -4.572                6.24            20rQ2131
  4341.043 606.01212     0.909    -3.936                6.24            64sR3213
  4341.046      44.0     2.071     -1.09                                        
  4341.049 606.01212     0.741    -3.745                6.24            53rQ3217
  4341.053 106.00113     1.142    -0.756               3.464            BX10P255
  4341.053 606.01212     0.174    -4.909                6.24            20sR3220
  4341.053 606.01212     0.969    -3.662                6.24            53qQ1e39
  4341.057 606.01213     0.235    -8.045                6.24            20sQ3128
  4341.072      24.1     5.666     -1.87                                        
  4341.088 106.00113     1.604   -12.235               3.464            CX04R155
  4341.088 106.00113     1.641    -3.714               3.464            AX22R245
  4341.097 606.01212     0.969    -3.876                6.24            53qQ3e37
  4341.099 606.01213     0.235    -8.254                6.24            20sQ3128
  4341.110      40.0     1.395      0.15                                        
  4341.123 606.01212     0.399    -4.117                6.24            31rQ3223
  4341.125 606.01213     0.721    -4.852                6.24            20qQ2f57
  4341.133 606.01212     0.954    -4.430                6.24            53qP2138
  4341.134 606.01212     0.555    -3.827                6.24            42rQ3218
  4341.135 106.00113     0.408    -2.103               3.464            AX11P055
  4341.136 106.00113     1.641    -1.059               3.464            AX22Q255
  4341.138 606.01212     0.331    -4.259                6.24            31sR2115
  4341.153 606.01212     0.554    -1.264                6.24            42rR1e19
  4341.157      22.0     3.177     -1.30                                        
  4341.160 106.00113     1.142    -5.043               3.464            BX10Q255
  4341.162 606.01212     0.399    -4.101                6.24            31rQ2124
  4341.175      24.0     3.847     -0.51                                        
  4341.199 606.01213     0.235    -5.236                6.24            20sR2128
  4341.200 606.01213     0.721    -5.420                6.24            20qR1257
  4341.201 606.01212     1.405    -4.099                6.24            75rQ2143
  4341.202 606.01213     0.721    -5.490                6.24            20qR2356
  4341.208 606.01212     0.980    -3.830                6.24            64rQ2124
  4341.210 606.01212     1.405    -6.872                6.24            75rP3143
  4341.213 106.00113     1.142    -0.348               3.464            BX10P265
  4341.220 106.00113     1.641    -1.066               3.464            AX22Q245
  4341.220 606.01212     0.969    -3.767                6.24            53qQ2f38
  4341.225      27.0     3.684     -2.18                                        
  4341.235      26.0     3.394     -2.38                                        
  4341.240 106.00112     0.785    -2.490               3.464            BX01R155
  4341.240 606.01212     1.168    -4.069                6.24            75sR3223
  4341.243 106.00113     0.408    -3.193               3.464            AX11Q055
  4341.253 606.01212     0.748    -4.407                6.24            42qP2137
  4341.257 606.01212     0.980    -3.836                6.24            64rQ3223
  4341.267 106.00113     1.641    -3.748               3.464            AX22P255
  4341.267 606.01212     0.954    -4.502                6.24            53qP3237
  4341.272 606.01212     0.539    -5.282                6.24            20qP2148
  4341.273 606.01212     0.509    -4.033                6.24            42sR3210
  4341.290      64.1     0.425     -0.70                                 LAWLER 
  4341.293 606.01212     0.748    -4.437                6.24            42qP3236
  4341.307 606.01212     0.276    -4.568                6.24            20rQ3230
  4341.308 606.01212     0.954    -3.755                6.24            53qQ2e37
  4341.313      22.0     2.332     -3.33                                        
  4341.318      24.0     2.998     -1.53                                        
  4341.330 606.01213     0.235    -5.350                6.24            20sR3227
  4341.335 606.01212     0.555    -1.286                6.24            42rR2f18
  4341.337 606.01212     1.412    -6.765                6.24            86tR3130
  4341.339      22.0     2.479     -3.27                                        
  4341.346 606.01212     0.275    -1.586                6.24            20rR1e31
  4341.352 606.01212     0.969    -4.149                6.24            53qR1238
  4341.355 606.01212     0.539    -5.348                6.24            20qP3247
  4341.357 606.01212     0.741    -1.201                6.24            53rR1f18
  4341.362 606.01212     0.969    -4.218                6.24            53qR2337
  4341.364      22.1     1.115     -2.28                                        
  4341.366 106.00112     0.786    -7.262               3.464            BX01Q165
  4341.370 606.01212     0.539    -4.469                6.24            20qQ2e47
  4341.376 606.01212     0.954    -3.648                6.24            53qQ1f38
  4341.381 606.01212     0.748    -3.721                6.24            42qQ1e37
  4341.382 606.01212     1.405    -0.847                6.24            75rR1e43
  4341.386 606.01212     0.332    -4.328                6.24            31sR3214
  4341.401 106.00112     0.409    -2.103               3.464            AX11P055
  4341.402 606.01212     0.276    -1.600                6.24            20rR2f30
  4341.402 606.01212     0.699    -3.881                6.24            53sR3209
  4341.413      42.0     2.595     -0.86                                        
  4341.427 606.01212     0.399    -1.337                6.24            31rR1f24
  4341.434 106.00113     0.408    -2.102               3.464            AX11P055
  4341.441 606.01212     0.980    -1.075                6.24            64rR1f24
  4341.442 106.00112     0.786    -2.438               3.464            BX01R165
  4341.443      28.0     3.594     -2.23                                        
  4341.443 606.01213     0.235    -5.280                6.24            20sR2128
  4341.445      23.0     1.375     -2.97                                        
  4341.451      24.0     2.707     -2.04                                        
  4341.455 606.01212     1.405    -0.857                6.24            75rR2f42
  4341.458 606.01212     0.749    -3.941                6.24            42qQ3e35
  4341.464 606.01212     1.405    -4.097                6.24            75rQ3242
  4341.474 606.01212     0.539    -4.385                6.24            20qQ1f48
  4341.489      11.0     2.101     -3.04                                        
  4341.496 606.01212     0.399    -1.355                6.24            31rR2e23
  4341.500 606.01212     0.741    -1.225                6.24            53rR2e17
  4341.509 606.01212     0.547    -8.817                6.24            42rP3118
  4341.511 106.00112     0.409    -3.193               3.464            AX11Q055
  4341.514 106.00112     1.579    -1.066               3.464            AX22Q245
  4341.515 606.01212     0.276    -1.613                6.24            20rR3e29
  4341.515 606.01212     0.555    -1.308                6.24            42rR3e17
  4341.520 606.01213     0.235    -5.317                6.24            20sR3227
  4341.529 606.01212     0.735    -8.048                6.24            53rP3117
  4341.535 606.01212     0.903    -6.065                6.24            64sQ3113
  4341.544 606.01212     0.695    -5.885                6.24            53sQ3109
  4341.548 106.00113     0.408    -3.204               3.464            AX11Q055
  4341.551 606.01212     0.954    -4.180                6.24            53qR1237
  4341.555 606.01212     0.980    -1.088                6.24            64rR2e23
  4341.565 106.00112     1.579    -3.716               3.464            AX22R235
  4341.568 606.01212     0.748    -3.830                6.24            42qQ2f36
  4341.571      26.0     3.271     -2.73                                        
  4341.571 606.01212     0.539    -5.086                6.24            20qR1247
  4341.584 606.01212     1.405    -0.867                6.24            75rR3e41
  4341.590 606.01212     0.734    -4.329                6.24            42qP2136
  4341.608 106.00112     1.579    -3.700               3.464            AX22P245
  4341.616 606.01212     0.971    -6.922                6.24            64rP3123
  4341.629 106.00113     0.408    -2.024               3.464            AX11P065
  4341.633 606.01212     0.400    -1.373                6.24            31rR3f22
  4341.641       6.0     7.940     -1.49                                        
  4341.645 607.01214     3.527    -5.359               7.724          1415Qc0185
  4341.649 606.01212     0.492    -6.564                6.24            42tR3106
  4341.654 606.01212     0.955    -3.869                6.24            53qQ3f36
  4341.657 607.01214     3.527    -2.454               7.724          1415Pa0195
  4341.657 607.01214     3.527    -2.469               7.724          1415Pb0185
  4341.658 606.01212     0.884    -5.888                6.24            64tR3108
  4341.659 106.00112     1.579    -1.074               3.464            AX22Q235
  4341.678 606.01212     0.539    -4.556                6.24            20qQ3f46
  4341.683      92.1     0.036     -0.70                               Nils02/7 
  4341.684 606.01212     0.742    -1.248                6.24            53rR3f16
  4341.689 606.01212     0.504    -5.876                6.24            42sQ3110
  4341.693 606.01212     0.539    -5.105                6.24            20qR2346
  4341.695 606.01212     0.955    -4.209                6.24            53qR2336
  4341.696 606.01212     0.748    -4.065                6.24            42qR1236
  4341.697 606.01212     0.971    -3.807                6.24            64rQ2123
  4341.706 106.00112     0.409    -2.102               3.464            AX11P055
  4341.730      42.0     3.031     -2.04                                        
  4341.733 606.01212     0.749    -4.126                6.24            42qR2335
  4341.733 606.01213     0.699    -5.651                6.24            20qP2157
  4341.734      20.0     5.685     -4.40                                        
  4341.745 606.01212     0.734    -4.390                6.24            42qP3235
  4341.771 606.01212     0.734    -3.816                6.24            42qQ2e35
  4341.780 606.01212     0.980    -1.094                6.24            64rR3f22
  4341.782 606.01212     0.735    -3.705                6.24            53rQ2117
  4341.793 606.01213     0.699    -5.727                6.24            20qP3256
  4341.797 106.00113     1.320    -3.927               3.464            AX44R065
  4341.800 606.01212     1.389    -7.150                6.24            75rP3142
  4341.800 606.01213     0.699    -4.844                6.24            20qQ2e56
  4341.805      27.0     3.949     -2.48                                        
  4341.806 606.01212     0.734    -3.705                6.24            42qQ1f36
  4341.812      26.0     3.544     -2.37                                        
  4341.815 106.00112     0.409    -3.204               3.464            AX11Q055
  4341.891      22.0     3.184     -3.91                                        
  4341.892 106.00113     0.408    -2.025               3.464            AX11P065
  4341.900 106.00112     0.409    -2.024               3.464            AX11P065
  4341.923 606.01212     0.614    -4.835                6.24            31qP2141
  4341.928 606.01213     0.699    -4.771                6.24            20qQ1f57
  4341.933 606.01212     0.971    -1.098                6.24            64rR1e23
  4341.937      22.0     2.248     -5.05                                        
  4341.954 606.01212     0.614    -4.851                6.24            31qP3240
  4341.962      42.0     2.596     -1.88                                        
  4341.962 606.01212     1.389    -4.103                6.24            75rQ3241
  4341.966 606.01212     0.547    -3.809                6.24            42rQ2118
  4341.987 606.01212     0.734    -4.144                6.24            42qR1235
  4341.995 606.01213     0.699    -5.479                6.24            20qR1256
  4342.000 106.00112     0.342    -5.519               3.464            BX01Q015
  4342.004 606.01213     0.374    -8.183                6.24            20rP3139
  4342.004 606.01213     0.374    -8.552                6.24            20rP3139
  4342.005      23.0     2.053     -6.03                                        
  4342.007 606.01212     0.547    -3.830                6.24            42rQ3217
  4342.013 606.01212     0.685    -5.813                6.24            53tR3105
  4342.014      22.0     3.184     -3.25                                        
  4342.015 106.00112     0.342    -3.892               3.464            BX01R015
  4342.027 606.01212     1.389    -4.094                6.24            75rQ2142
  4342.029 106.00113     1.321    -3.906               3.464            AX44R065
  4342.032      71.1     4.472     -0.86                                        
  4342.048 606.01212     0.614    -3.947                6.24            31qQ1e41
  4342.060      60.1     0.064     -1.18                                 LAWLER 
  4342.062 606.01212     0.390    -7.680                6.24            31rP3123
  4342.071 606.01212     0.903    -3.707                6.24            64sR2113
  4342.075      44.0     1.138     -0.83                                        
  4342.079 606.01212     0.504    -3.809                6.24            42sR2110
  4342.079 606.01213     0.374    -4.973                6.24            20rQ2139
  4342.093 606.01212     0.614    -4.148                6.24            31qQ3e39
  4342.093 606.01213     0.699    -4.921                6.24            20qQ3f55
  4342.100 606.01213     0.699    -5.486                6.24            20qR2355
  4342.106 606.01212     0.971    -3.804                6.24            64rQ3222
  4342.134      25.0     4.270     -3.28                                        
  4342.135      58.1     0.608     -1.31                                 LAWLER 
  4342.138 606.01212     0.734    -3.932                6.24            42qQ3f34
  4342.152 606.01212     1.389    -0.857                6.24            75rR1f42
  4342.161 606.01213     0.374    -4.981                6.24            20rQ3238
  4342.165 106.00112     0.410    -2.025               3.464            AX11P065
  4342.165 606.01212     0.734    -4.174                6.24            42qR2334
  4342.172 106.00112     1.647    -3.714               3.464            AX22R245
  4342.180      64.1     0.600     -0.27                                 LAWLER 
  4342.187 606.01212     0.971    -1.112                6.24            64rR2f22
  4342.189 606.01212     1.389    -0.868                6.24            75rR2e41
  4342.191      24.0     3.842     -3.41                                        
  4342.192      23.0     1.194     -1.24                                        
  4342.194       6.0     7.940     -3.28                                        
  4342.199 606.01212     0.735    -3.700                6.24            53rQ3216
  4342.209 606.01212     0.614    -4.046                6.24            31qQ2f40
  4342.233 606.01212     0.695    -3.739                6.24            53sR2109
  4342.241 106.00112     1.648    -1.059               3.464            AX22Q255
  4342.241 606.01212     0.390    -4.087                6.24            31rQ2123
  4342.255      90.1     1.557     -0.93                                        
  4342.259 106.00112     1.986    -1.524               3.464            AX33R265
  4342.267 106.00112     1.647    -1.066               3.464            AX22Q245
  4342.282 606.01212     0.735    -1.225                6.24            53rR1e17
  4342.282 606.01213     0.374    -4.971                6.24            20rQ2139
  4342.287 606.01212     0.325    -6.488                6.24            31sQ3114
  4342.302 606.01212     0.940    -4.479                6.24            53qP2137
  4342.313 606.01213     0.374    -4.969                6.24            20rQ3238
  4342.314 606.01212     1.159    -6.752                6.24            75sQ3123
  4342.318      24.0     3.847     -2.48                                        
  4342.329 606.01212     0.547    -1.285                6.24            42rR1f18
  4342.330 606.01212     0.728    -9.792                6.24            53rP3116
  4342.333 606.01212     1.389    -0.878                6.24            75rR3f40
  4342.334 606.01212     0.614    -4.481                6.24            31qR1240
  4342.337 106.00112     1.648    -3.748               3.464            AX22P255
  4342.342 606.01212     0.940    -4.512                6.24            53qP3236
  4342.347 606.01213     0.374    -1.789                6.24            20rR1e39
  4342.348 606.01212     0.614    -4.560                6.24            31qR2339
  4342.381 606.01212     0.165    -7.329                6.24            20sQ3120
  4342.388 606.01213     0.374    -1.801                6.24            20rR2f38
  4342.391 606.01212     0.125    -7.234                6.24            20tR3114
  4342.401       6.0     7.940     -2.15                                        
  4342.402 606.01212     0.904    -3.793                6.24            64sR3212
  4342.406 106.00112     1.986    -3.838               3.464            AX33Q265
  4342.410 606.01212     0.263    -8.660                6.24            20rP3130
  4342.411      23.0     1.217     -4.18                                        
  4342.411 606.01212     0.971    -1.127                6.24            64rR3e21
  4342.427      22.0     2.493     -2.38                                        
  4342.427 606.01213     0.374    -1.789                6.24            20rR1f39
  4342.432      45.0     1.142     -2.19                                        
  4342.440 606.01213     0.374    -1.801                6.24            20rR2e38
  4342.444      90.0     1.021     -0.68                                        
  4342.446 606.01212     0.940    -3.634                6.24            53qQ1e37
  4342.449      24.0     2.998     -3.14                                        
  4342.451 606.01212     0.735    -1.251                6.24            53rR2f16
  4342.464 606.01212     0.547    -1.309                6.24            42rR2e17
  4342.464 606.01213     0.699    -5.728                6.24            20qP2157
  4342.464 606.01213     0.699    -5.735                6.24            20qP3256
  4342.468 106.00112     1.986    -1.496               3.464            AX33R255
  4342.471 606.01213     0.374    -1.812                6.24            20rR3e37
  4342.477      27.0     3.710     -1.72                                        
  4342.482      58.1     1.273     -0.54                                        
  4342.489 606.01212     0.598    -4.769                6.24            31qP2140
  4342.495 606.01213     0.162    -7.660                6.24            20tR3120
  4342.498 606.01212     0.940    -3.860                6.24            53qQ3e35
  4342.505      25.0     4.350     -2.84                                        
  4342.529 606.01212     0.926    -4.440                6.24            53qP2136
  4342.535 606.01212     0.540    -8.104                6.24            42rP3117
  4342.539 606.01213     0.162    -7.402                6.24            20tR3120
  4342.539 606.01213     0.374    -1.812                6.24            20rR3f37
  4342.542 606.01213     0.699    -4.771                6.24            20qQ1e57
  4342.544 606.01213     0.699    -4.921                6.24            20qQ3e55
  4342.557 606.01212     0.390    -4.083                6.24            31rQ3222
  4342.567 606.01212     1.102    -6.042                6.24            75tR3115
  4342.583      25.1     5.544     -1.98                                        
  4342.588 606.01212     0.598    -4.854                6.24            31qP3239
  4342.596 606.01212     0.165    -4.784                6.24            20sR2120
  4342.602      22.0     2.736     -4.32                                        
  4342.610 606.01212     0.325    -4.198                6.24            31sR2114
  4342.617 606.01212     0.940    -3.745                6.24            53qQ2f36
  4342.622 606.01212     0.735    -1.275                6.24            53rR3e15
  4342.634 606.01212     0.598    -4.034                6.24            31qQ2e39
  4342.638 606.01212     0.390    -1.355                6.24            31rR1e23
  4342.639 606.01212     0.548    -1.332                6.24            42rR3f16
  4342.640 106.00113     0.692    -2.511               3.464            AX22P035
  4342.644 606.01212     0.264    -4.569                6.24            20rQ3229
  4342.649 606.01212     1.159    -3.961                6.24            75sR2123
  4342.666 606.01212     0.926    -4.516                6.24            53qP3235
  4342.672 606.01212     0.303    -6.275                6.24            31tR3109
  4342.675 106.00113     0.970    -2.489               3.464            AX33Q015
  4342.675 106.00113     0.970    -2.491               3.464            AX33Q015
  4342.682 606.01213     0.699    -4.845                6.24            20qQ2f56
  4342.693 606.01212     0.505    -3.953                6.24            42sR3209
  4342.696 606.01212     1.373    -6.870                6.24            75rP3141
  4342.697 606.01212     1.373    -4.079                6.24            75rQ2141
  4342.698      26.0     4.603     -1.26                                        
  4342.700 607.01214     3.535    -5.391               7.724          1415Qc0195
  4342.702 606.01212     0.962   -10.026                6.24            64rP3122
  4342.713 607.01214     3.535    -2.454               7.724          1415Pb0195
  4342.714 607.01214     3.535    -2.440               7.724          1415Pa0205
  4342.720 606.01212     0.926    -3.732                6.24            53qQ2e35
  4342.723 606.01212     0.598    -3.933                6.24            31qQ1f40
  4342.733 606.01212     0.390    -1.374                6.24            31rR2f22
  4342.746 606.01212     0.263    -4.556                6.24            20rQ2130
  4342.747      25.0     5.083     -1.01                                        
  4342.760 606.01213     0.699    -5.417                6.24            20qR1256
  4342.761 606.01212     0.940    -4.137                6.24            53qR1236
  4342.762 606.01213     0.699    -5.488                6.24            20qR2355
  4342.770 606.01212     0.696    -3.818                6.24            53sR3208
  4342.772 606.01212     0.940    -4.211                6.24            53qR2335
  4342.773 606.01212     0.540    -3.788                6.24            42rQ2117
  4342.779 106.00113     0.692    -2.510               3.464            AX22P035
  4342.785 606.01212     0.926    -3.619                6.24            53qQ1f36
  4342.805 606.01212     0.166    -4.906                6.24            20sR3219
  4342.806 606.01212     1.159    -4.014                6.24            75sR3222
  4342.813      41.0     1.504     -0.55                                        
  4342.822 606.01212     0.728    -3.676                6.24            53rQ2116
  4342.826      23.0     1.871     -0.65                               LAWNOHFS 
  4342.839      25.0     3.132     -4.17                                        
  4342.844 106.00113     0.692    -3.141               3.464            AX22Q035
  4342.856 606.01212     0.390    -1.392                6.24            31rR3e21
  4342.868 606.01212     0.598    -4.535                6.24            31qR1239
  4342.879      27.1     5.204     -3.95                                        
  4342.889 606.01212     1.373    -0.867                6.24            75rR1e41
  4342.893 106.00112     2.231   -10.336               3.464            CX04R255
  4342.893 606.01212     0.692    -5.638                6.24            53sQ3108
  4342.902 606.01212     0.720    -4.440                6.24            42qP2135
  4342.906      24.0     5.176     -3.50                                        
  4342.915 606.01212     0.729    -3.701                6.24            53rQ3215
  4342.928 606.01212     0.954    -3.852                6.24            64rQ2121
  4342.929 106.00113     0.073    -2.060               3.464            AX00P055
  4342.930 606.01212     0.899    -5.947                6.24            64sQ3112
  4342.935 106.00112     1.807    -5.228               3.464            AX54P185
  4342.935 606.01212     0.501    -6.086                6.24            42sQ3109
  4342.937 606.01212     0.954    -6.684                6.24            64rP3121
  4342.947 106.00112     2.231    -6.465               3.464            CX04Q265
  4342.947 606.01212     0.721    -4.473                6.24            42qP3234
  4342.955 606.01212     0.599    -4.140                6.24            31qQ3f38
  4342.959 606.01212     0.263    -1.600                6.24            20rR1f30
  4342.963 606.01212     0.326    -4.344                6.24            31sR3213
  4342.964 106.00112     0.694    -2.511               3.464            AX22P035
  4342.964 606.01212     1.374    -4.076                6.24            75rQ3240
  4342.965 606.01212     1.374    -0.878                6.24            75rR2f40
  4342.971      22.0     2.470     -2.19                                        
  4342.975 606.01212     1.401    -6.495                6.24            86tR3129
  4342.976 106.00113     0.970    -2.142               3.464            AX33R015
  4342.976 106.00113     0.970    -2.143               3.464            AX33R015
  4342.976 606.01212     0.926    -4.167                6.24            53qR1235
  4342.984 106.00113     0.692    -3.148               3.464            AX22Q035
  4342.984 606.01212     0.954    -1.261                6.24            64rR1e21
  4342.991 606.01212     0.264    -1.614                6.24            20rR2e29
  4343.001 606.01212     0.599    -4.554                6.24            31qR2338
  4343.032      40.0     0.000     -2.38                                        
  4343.036 606.01213     0.224    -8.000                6.24            20sQ3127
  4343.041 106.00112     2.231    -6.673               3.464            CX04Q255
  4343.042 106.00113     0.073    -3.175               3.464            AX00Q055
  4343.044 606.01212     0.720    -3.691                6.24            42qQ1e35
  4343.066 606.01212     0.927    -3.852                6.24            53qQ3f34
  4343.067 606.01213     0.224    -8.208                6.24            20sQ3127
  4343.090      23.0     2.580     -1.78                                        
  4343.093 606.01212     0.963    -3.803                6.24            64rQ3221
  4343.095 106.00112     2.231   -14.037               3.464            CX04P265
  4343.096 606.01212     1.374    -0.888                6.24            75rR3e39
  4343.101 106.00112     0.973    -2.489               3.464            AX33Q015
  4343.101 106.00112     0.973    -2.491               3.464            AX33Q015
  4343.103 606.01212     0.264    -1.628                6.24            20rR3f28
  4343.104 606.01212     0.962    -3.788                6.24            64rQ2122
  4343.110 106.00112     0.694    -2.510               3.464            AX22P035
  4343.119 606.01212     0.927    -4.198                6.24            53qR2334
  4343.127 606.01212     0.721    -3.924                6.24            42qQ3e33
  4343.167      24.0     2.708     -1.29                                        
  4343.172 106.00112     0.694    -3.141               3.464            AX22Q035
  4343.173 106.00112     0.073    -2.060               3.464            AX00P055
  4343.179      26.0     2.843     -3.33                                        
  4343.187 606.01213     0.224    -5.220                6.24            20sR2127
  4343.202      26.0     4.183     -3.76                                        
  4343.202 606.01212     0.541    -3.784                6.24            42rQ3216
  4343.212 606.01212     0.381    -8.523                6.24            31rP3122
  4343.216      26.0     4.100     -1.35                                        
  4343.221      26.0     3.249     -2.85                                        
  4343.230 606.01212     0.540    -1.321                6.24            42rR1e17
  4343.234 606.01212     0.721    -3.806                6.24            42qQ2f34
  4343.237 606.01212     0.707    -4.357                6.24            42qP2134
  4343.237 606.01212     0.728    -1.251                6.24            53rR1f16
  4343.243 106.00113     0.073    -2.060               3.464            AX00P055
  4343.267 606.01212     0.521    -5.403                6.24            20qP3246
  4343.271      26.0     3.249     -1.70                                        
  4343.271 606.01212     0.722    -9.042                6.24            53rP3115
  4343.273 606.01212     0.520    -5.382                6.24            20qP2147
  4343.275      26.1     6.133     -2.18                                        
  4343.286 106.00112     0.073    -3.175               3.464            AX00Q055
  4343.286 606.01213     0.678    -5.654                6.24            20qP2156
  4343.288 606.01212     0.899    -3.766                6.24            64sR2112
  4343.304 606.01212     1.358    -7.151                6.24            75rP3140
  4343.313 106.00112     0.694    -3.148               3.464            AX22Q035
  4343.324 606.01213     0.225    -5.337                6.24            20sR3226
  4343.346 606.01213     0.678    -5.732                6.24            20qP3255
  4343.356 106.00113     0.073    -3.186               3.464            AX00Q055
  4343.356 606.01213     0.678    -4.837                6.24            20qQ2e55
  4343.358      25.0     4.357     -1.93                                        
  4343.369      22.0     2.343     -3.53                                        
  4343.376 606.01212     0.520    -4.375                6.24            20qQ1e47
  4343.376 606.01212     0.521    -4.549                6.24            20qQ3e45
  4343.377 606.01212     0.721    -4.067                6.24            42qR1234
  4343.391 106.00113     0.692    -2.373               3.464            AX22P045
  4343.395 606.01212     0.707    -4.422                6.24            42qP3233
  4343.400 106.00112     0.973    -2.141               3.464            AX33R015
  4343.400 106.00112     0.973    -2.143               3.464            AX33R015
  4343.401 606.01212     0.962    -1.098                6.24            64rR1f22
  4343.406 606.01212     0.729    -1.278                6.24            53rR2e15
  4343.408 606.01212     0.692    -3.710                6.24            53sR2108
  4343.413 606.01212     0.721    -4.133                6.24            42qR2333
  4343.419 606.01213     0.224    -5.263                6.24            20sR2127
  4343.437 606.01212     0.707    -3.791                6.24            42qQ2e33
  4343.439 606.01212     0.683    -6.025                6.24            53tR3104
  4343.440 606.01212     0.541    -1.336                6.24            42rR2f16
  4343.442 106.00113     0.073    -1.983               3.464            AX00P065
  4343.443 606.01212     0.534    -8.007                6.24            42rP3116
  4343.462 606.01212     0.955    -1.249                6.24            64rR2f20
  4343.470 606.01212     0.707    -3.674                6.24            42qQ1f34
  4343.474 606.01212     0.955    -3.836                6.24            64rQ3220
  4343.476 606.01212     0.881    -5.741                6.24            64tR3107
  4343.477 106.00113     1.954   -10.461               3.464            CX15Q175
  4343.478 606.01212     1.358    -4.083                6.24            75rQ3239
  4343.484 606.01213     0.678    -4.762                6.24            20qQ1f56
  4343.486      60.0     0.000     -0.79                                        
  4343.489 106.00112     0.073    -2.060               3.464            AX00P055
  4343.496 606.01212     0.963    -1.118                6.24            64rR2e21
  4343.503 606.01213     0.225    -5.303                6.24            20sR3226
  4343.509 106.00113     0.692    -2.373               3.464            AX22P045
  4343.521 606.01212     0.521    -4.461                6.24            20qQ2f46
  4343.528 606.01212     1.150    -6.568                6.24            75sQ3122
  4343.539 606.01212     1.358    -4.073                6.24            75rQ2140
  4343.555 606.01213     0.678    -5.476                6.24            20qR1255
  4343.559      58.0     0.028     -0.57                                        
  4343.565 606.01212     0.490    -6.086                6.24            42tR3105
  4343.568 606.01212     0.722    -3.658                6.24            53rQ2115
  4343.588 606.01212     0.381    -4.083                6.24            31rQ3221
  4343.600 106.00112     0.073    -3.186               3.464            AX00Q055
  4343.601      25.1     6.107     -4.39                                        
  4343.606 606.01212     0.729    -1.303                6.24            53rR3f14
  4343.608 606.01212     0.381    -4.065                6.24            31rQ2122
  4343.625 606.01212     0.521    -5.009                6.24            20qR1246
  4343.625 606.01212     0.913    -4.489                6.24            53qP2135
  4343.630 606.01212     0.521    -5.075                6.24            20qR2345
  4343.630 606.01212     0.541    -1.360                6.24            42rR3e15
  4343.649 606.01212     0.963    -1.134                6.24            64rR3f20
  4343.649 606.01213     0.678    -4.915                6.24            20qQ3f54
  4343.658 606.01212     0.501    -3.949                6.24            42sR2109
  4343.660 606.01213     0.678    -5.483                6.24            20qR2354
  4343.667 606.01212     1.150    -3.933                6.24            75sR2122
  4343.669 606.01212     0.707    -4.148                6.24            42qR1233
  4343.672 606.01212     0.913    -4.525                6.24            53qP3234
  4343.672 606.01212     1.358    -0.878                6.24            75rR1f40
  4343.672 606.01213     0.360    -8.560                6.24            20rP3138
  4343.676 606.01213     0.360    -8.187                6.24            20rP3138
  4343.684      23.0     2.581     -2.86                                        
  4343.687 106.00112     0.074    -1.983               3.464            AX00P065
  4343.697      26.0     3.045     -1.88                                        
  4343.711      27.0     3.229     -2.88                                        
  4343.713 606.01212     1.358    -0.889                6.24            75rR2e39
  4343.714 106.00113     0.073    -1.983               3.464            AX00P065
  4343.723 106.00112     0.694    -2.373               3.464            AX22P045
  4343.744 606.01212     0.320    -6.580                6.24            31sQ3113
  4343.756 606.01213     0.360    -4.962                6.24            20rQ2138
  4343.761 606.01212     0.899    -3.878                6.24            64sR3211
  4343.777      22.0     2.152     -1.43                                        
  4343.781 606.01212     0.913    -3.604                6.24            53qQ1e35
  4343.783 607.01214     3.544    -5.423               7.724          1415Qc0205
  4343.797 607.01214     3.544    -2.427               7.724          1415Pa0215
  4343.797 607.01214     3.544    -2.440               7.724          1415Pb0205
  4343.803 606.01212     0.955    -1.248                6.24            64rR3e19
  4343.804 606.01212     0.708    -3.916                6.24            42qQ3f32
  4343.838 606.01213     0.360    -4.970                6.24            20rQ3237
  4343.842 106.00112     0.694    -2.373               3.464            AX22P045
  4343.842 606.01212     0.913    -3.844                6.24            53qQ3e33
  4343.846 606.01212     0.708    -4.180                6.24            42qR2332
  4343.858 106.00112     1.862    -7.511               3.464            CX04R205
  4343.860 606.01212     1.358    -0.900                6.24            75rR3f38
  4343.862 606.01212     0.899    -4.450                6.24            53qP2134
  4343.866      58.1     0.708     -1.26                                 LAWLER 
  4343.873      26.0     3.544     -4.62                                        
  4343.905 606.01212     0.381    -1.374                6.24            31rR1f22
  4343.914 606.01212     0.252    -8.149                6.24            20rP3129
  4343.926 606.01212     0.689    -5.709                6.24            53sQ3107
  4343.931 606.01212     1.151    -4.043                6.24            75sR3221
  4343.934      26.0     4.368     -2.13                                        
  4343.939 606.01212     0.534    -3.765                6.24            42rQ2116
  4343.951      90.1     0.231     -1.96                               Nils02/21
  4343.952 106.00113     1.954    -6.379               3.464            CX15R165
  4343.956 606.01213     0.360    -4.960                6.24            20rQ2138
  4343.957 606.01212     0.913    -3.721                6.24            53qQ2f34
  4343.962 606.01212     0.381    -1.394                6.24            31rR2e21
  4343.963 106.00112     0.074    -1.983               3.464            AX00P065
  4343.978 606.01212     0.502    -5.292                6.24            20qP2146
  4343.981      25.1     5.393     -1.09                                        
  4343.993 606.01213     0.360    -4.958                6.24            20rQ3237
  4343.994 106.00112     1.862   -13.028               3.464            CX04Q205
  4343.995 606.01213     0.678    -5.731                6.24            20qP2156
  4343.996 606.01213     0.678    -5.738                6.24            20qP3255
  4344.001 606.01212     0.583    -4.850                6.24            31qP2139
  4344.004 606.01212     0.900    -4.531                6.24            53qP3233
  4344.009 606.01212     0.717    -8.153                6.24            53rP3114
  4344.011 106.00113     1.954    -6.356               3.464            CX15R175
  4344.014 106.00112     1.862    -7.872               3.464            CX04R195
  4344.022 606.01212     0.534    -3.787                6.24            42rQ3215
  4344.027 606.01212     0.723    -3.652                6.24            53rQ3214
  4344.031 606.01213     0.360    -1.801                6.24            20rR1e38
  4344.037 606.01212     0.252    -4.545                6.24            20rQ2129
  4344.037 606.01212     0.583    -4.869                6.24            31qP3238
  4344.051      26.0     4.555     -2.30                                        
  4344.061 606.01212     0.502    -5.362                6.24            20qP3245
  4344.067 606.01212     0.894    -5.920                6.24            64sQ3111
  4344.070 606.01212     0.900    -3.708                6.24            53qQ2e33
  4344.073 606.01213     0.360    -1.812                6.24            20rR2f37
  4344.075 606.01213     0.678    -4.762                6.24            20qQ1e56
  4344.079 606.01213     0.678    -4.915                6.24            20qQ3e54
  4344.085 606.01212     0.502    -4.451                6.24            20qQ2e45
  4344.098       6.0     7.940     -2.22                                        
  4344.099 106.00112     1.324    -3.926               3.464            AX44R065
  4344.103      23.0     1.710     -2.35                                        
  4344.107 606.01213     0.360    -1.801                6.24            20rR1f38
  4344.114 606.01212     0.913    -4.124                6.24            53qR1234
  4344.121 606.01213     0.360    -1.812                6.24            20rR2e37
  4344.127 606.01212     0.382    -1.413                6.24            31rR3f20
  4344.127 606.01212     0.722    -1.278                6.24            53rR1e15
  4344.127 606.01212     0.913    -4.200                6.24            53qR2333
  4344.133 606.01212     0.899    -3.588                6.24            53qQ1f34
  4344.138 606.01212     0.583    -3.920                6.24            31qQ1e39
  4344.140 606.01212     0.158    -7.480                6.24            20sQ3119
  4344.157 606.01213     0.360    -1.823                6.24            20rR3e36
  4344.160 606.01212     0.502    -3.982                6.24            42sR3208
  4344.162 606.01212     0.693    -3.820                6.24            53sR3207
  4344.168      21.0     2.507     -2.88                                        
  4344.188 606.01212     0.583    -4.132                6.24            31qQ3e37
  4344.189 606.01212     0.502    -4.363                6.24            20qQ1f46
  4344.194      26.0     3.412     -8.53                                        
  4344.205 606.01212     1.344    -6.869                6.24            75rP3139
  4344.216 606.01212     1.344    -4.057                6.24            75rQ2139
  4344.217 606.01213     0.678    -4.838                6.24            20qQ2f55
  4344.221 606.01213     0.360    -1.823                6.24            20rR3f36
  4344.226 606.01212     0.498    -5.647                6.24            42sQ3108
  4344.269 106.00113     1.643    -1.060               3.464            AX22Q255
  4344.288      22.1     1.083     -2.09                                        
  4344.290      64.1     0.601     -1.08                                 LAWLER 
  4344.296 606.01212     0.502    -5.078                6.24            20qR1245
  4344.297 606.01212     1.097    -6.208                6.24            75tR3114
  4344.298 606.01213     0.678    -5.414                6.24            20qR1255
  4344.300 606.01212     0.320    -4.199                6.24            31sR2113
  4344.300 606.01213     0.678    -5.486                6.24            20qR2354
  4344.301 606.01212     0.583    -4.025                6.24            31qQ2f38
  4344.306       6.0     7.940     -1.79                                        
  4344.309 606.01212     0.252    -4.540                6.24            20rQ3228
  4344.325 606.01212     0.723    -1.307                6.24            53rR2f14
  4344.327      90.1     0.000     -2.29                                        
  4344.330      22.0     2.736     -4.01                                        
  4344.333 106.00112     1.324    -3.905               3.464            AX44R065
  4344.342 606.01212     0.900    -4.151                6.24            53qR1233
  4344.349      26.0     4.577     -1.36                                        
  4344.355      23.0     1.871     -3.82                                        
  4344.358 606.01212     0.252    -1.614                6.24            20rR1e29
  4344.358 606.01212     0.534    -1.336                6.24            42rR1f16
  4344.366 106.00113     1.643    -3.743               3.464            AX22R245
  4344.393 606.01212     0.502    -4.542                6.24            20qQ3f44
  4344.415 606.01212     0.528    -8.825                6.24            42rP3115
  4344.417 606.01212     0.502    -5.099                6.24            20qR2344
  4344.418 606.01212     0.900    -3.836                6.24            53qQ3f32
  4344.420 606.01212     1.344    -0.889                6.24            75rR1e39
  4344.425 606.01212     0.252    -1.629                6.24            20rR2f28
  4344.427 606.01212     0.947    -7.704                6.24            64rP3120
  4344.432 606.01212     0.373    -7.794                6.24            31rP3121
  4344.435 106.00113     1.643    -3.722               3.464            AX22P255
  4344.438 606.01212     0.583    -4.474                6.24            31qR1238
  4344.452 606.01212     0.583    -4.556                6.24            31qR2337
  4344.464 606.01212     0.694    -4.473                6.24            42qP2133
  4344.478      69.0     2.199      0.17                                        
  4344.485 606.01212     0.900    -4.186                6.24            53qR2332
  4344.488 606.01212     1.344    -4.055                6.24            75rQ3238
  4344.490      64.1     0.427     -1.73                                 LAWLER 
  4344.499 606.01212     1.344    -0.900                6.24            75rR2f38
  4344.500      26.0     3.603     -1.15                                  RUF14 
  4344.502      24.0     1.003     -0.65                                 SOBECK 
  4344.510 606.01212     0.723    -1.334                6.24            53rR3e13
  4344.511 606.01212     0.252    -1.644                6.24            20rR3e27
  4344.516 606.01212     0.695    -4.509                6.24            42qP3232
  4344.518 606.01212     0.534    -1.362                6.24            42rR2e15
  4344.528 606.01212     0.300    -6.449                6.24            31tR3108
  4344.532 106.00113     1.643    -1.066               3.464            AX22Q245
  4344.551 606.01212     0.717    -3.626                6.24            53rQ2114
  4344.561 606.01212     0.568    -4.783                6.24            31qP2138
  4344.575      25.1     5.563     -4.21                                        
  4344.575 606.01212     0.498    -3.729                6.24            42sR2108
  4344.581 606.01212     1.391    -6.728                6.24            86tR3128
  4344.589 606.01212     0.158    -4.808                6.24            20sR2119
  4344.602      23.1     6.182     -2.41                                        
  4344.608 606.01212     0.321    -4.275                6.24            31sR3212
  4344.609      26.0     4.140     -3.98                                        
  4344.610      20.0     4.760     -2.75                                        
  4344.623 606.01212     0.694    -3.659                6.24            42qQ1e33
  4344.633 606.01212     1.344    -0.911                6.24            75rR3e37
  4344.637      39.0     2.036     -0.25                                        
  4344.639 606.01212     0.373    -4.051                6.24            31rQ2121
  4344.643      42.0     3.263     -1.20                                        
  4344.645 606.01212     0.894    -3.679                6.24            64sR2111
  4344.663 606.01212     0.568    -4.874                6.24            31qP3237
  4344.697 606.01212     0.717    -3.653                6.24            53rQ3213
  4344.698 606.01212     0.528    -3.742                6.24            42rQ2115
  4344.701 606.01212     0.120    -6.925                6.24            20tR3113
  4344.710 606.01212     0.535    -1.387                6.24            42rR3f14
  4344.711 606.01212     0.695    -3.908                6.24            42qQ3e31
  4344.721 606.01212     0.568    -4.012                6.24            31qQ2e37
  4344.729 606.01212     0.689    -3.701                6.24            53sR2107
  4344.734      11.0     2.103     -2.74                                        
  4344.735 606.01212     0.158    -4.867                6.24            20sR3218
  4344.785      23.1     6.542     -4.58                                        
  4344.795 606.01212     0.682    -4.385                6.24            42qP2132
  4344.808 606.01212     0.568    -3.906                6.24            31qQ1f38
  4344.811      15.0     6.949     -3.50                                        
  4344.815 606.01213     0.657    -5.657                6.24            20qP2155
  4344.816 606.01212     0.695    -3.781                6.24            42qQ2f32
  4344.827 606.01212     1.329    -7.152                6.24            75rP3138
  4344.827      62.0     0.185     -2.02                                        
  4344.840 606.01212     0.947    -3.754                6.24            64rQ2120
  4344.844 606.01213     0.155    -7.630                6.24            20tR3119
  4344.872 606.01212     0.947    -3.770                6.24            64rQ3219
  4344.876 606.01213     0.657    -5.736                6.24            20qP3254
  4344.878 606.01212     0.488    -6.575                6.24            42tR3104
  4344.885 606.01212     0.887    -4.499                6.24            53qP2133
  4344.886      26.0     4.151     -2.15                                        
  4344.889 606.01213     0.657    -4.829                6.24            20qQ2e54
  4344.892 606.01213     0.155    -7.375                6.24            20tR3119
  4344.894 607.01214     3.553    -5.454               7.724          1415Qc0215
  4344.901 606.01212     0.712    -8.385                6.24            53rP3113
  4344.908 607.01214     3.553    -2.427               7.724          1415Pb0215
  4344.909 607.01214     3.553    -2.416               7.724          1415Pa0225
  4344.910 606.01212     1.142    -6.648                6.24            75sQ3121
  4344.917      58.1     0.708     -1.48                                 LAWLER 
  4344.921      23.0     2.121     -3.69                                        
  4344.940 606.01212     0.887    -4.539                6.24            53qP3232
  4344.958 606.01212     0.682    -4.456                6.24            42qP3231
  4344.968 606.01212     0.568    -4.526                6.24            31qR1237
  4344.974 606.01212     0.373    -4.046                6.24            31rQ3220
  4344.975 606.01212     0.695    -4.066                6.24            42qR1232
  4344.988 606.01213     0.214    -7.953                6.24            20sQ3126
  4344.990 606.01212     0.879    -5.719                6.24            64tR3106
  4345.007 606.01213     0.214    -8.160                6.24            20sQ3126
  4345.011 606.01212     0.695    -4.137                6.24            42qR2331
  4345.015 606.01212     0.682    -3.766                6.24            42qQ2e31
  4345.016 606.01212     1.329    -4.061                6.24            75rQ3237
  4345.017 606.01213     0.657    -4.753                6.24            20qQ1f55
  4345.035 606.01212     0.717    -1.307                6.24            53rR1f14
  4345.042 606.01212     0.568    -4.124                6.24            31qQ3f36
  4345.046 606.01212     0.682    -3.641                6.24            42qQ1f32
  4345.057 606.01212     0.887    -3.572                6.24            53qQ1e33
  4345.057 606.01212     1.269    -4.159                6.24            64qP2146
  4345.063      27.1     5.204     -6.35                                        
  4345.064 606.01212     0.373    -1.394                6.24            31rR1e21
  4345.070 606.01212     1.329    -4.050                6.24            75rQ2138
  4345.072      68.1     0.886     -2.29                                 LAWLER 
  4345.076 606.01212     0.682    -5.961                6.24            53tR3103
  4345.081      26.0     3.692     -4.94                                        
  4345.088 606.01212     0.895    -3.760                6.24            64sR3210
  4345.091 606.01213     0.657    -5.472                6.24            20qR1254
  4345.100 606.01212     0.568    -4.547                6.24            31qR2336
  4345.110      24.0     3.367     -0.86                                        
  4345.126 606.01212     0.887    -3.827                6.24            53qQ3e31
  4345.129 606.01212     0.874    -4.461                6.24            53qP2132
  4345.149 606.01213     0.214    -5.203                6.24            20sR2126
  4345.168 606.01212     0.373    -1.414                6.24            31rR2f20
  4345.170 606.01212     0.529    -3.737                6.24            42rQ3214
  4345.175 606.01212     0.687    -5.481                6.24            53sQ3106
  4345.178 606.01212     0.947    -1.136                6.24            64rR1f20
  4345.182 606.01213     0.657    -4.909                6.24            20qQ3f53
  4345.184 606.01212     1.269    -3.816                6.24            64qQ2e45
  4345.196 606.01213     0.657    -5.480                6.24            20qR2353
  4345.213 606.01212     1.329    -0.900                6.24            75rR1f38
  4345.214 606.01212     0.528    -1.365                6.24            42rR1e15
  4345.215 606.01212     1.269    -4.215                6.24            64qP3245
  4345.238      23.0     1.802     -2.09                                        
  4345.238 606.01212     0.887    -3.696                6.24            53qQ2f32
  4345.240 606.01212     0.717    -1.337                6.24            53rR2e13
  4345.249      26.0     4.577     -1.90                                        
  4345.253 606.01212     0.712    -3.607                6.24            53rQ2113
  4345.254 606.01212     0.523    -7.472                6.24            42rP3114
  4345.259 606.01212     1.329    -0.912                6.24            75rR2e37
  4345.266 606.01212     0.682    -4.148                6.24            42qR1231
  4345.267 606.01212     1.142    -3.928                6.24            75sR2121
  4345.275 106.00113     1.751    -9.149               3.464            CX15R125
  4345.277 606.01212     0.874    -4.546                6.24            53qP3231
  4345.285 606.01212     0.947    -1.159                6.24            64rR2e19
  4345.289 106.00113     1.714    -3.740               3.464            AX22R255
  4345.293 606.01213     0.215    -5.323                6.24            20sR3225
  4345.303 606.01212     0.373    -1.434                6.24            31rR3e19
  4345.308      41.0     0.000     -1.36                                        
  4345.316 606.01213     0.345    -8.569                6.24            20rP3137
  4345.322 606.01213     0.345    -8.191                6.24            20rP3137
  4345.325 606.01212     0.241    -8.765                6.24            20rP3128
  4345.330 106.00113     1.714    -1.055               3.464            AX22Q265
  4345.331 106.00112     0.956    -2.335               3.464            BX11P185
  4345.332      26.0     4.577     -1.28                                        
  4345.339 606.01212     0.315    -6.325                6.24            31sQ3112
  4345.358 606.01212     0.874    -3.682                6.24            53qQ2e31
  4345.370 606.01213     0.214    -5.245                6.24            20sR2126
  4345.383 606.01212     0.682    -3.899                6.24            42qQ3f30
  4345.402 606.01212     0.495    -5.964                6.24            42sQ3107
  4345.403 606.01212     0.890    -5.751                6.24            64sQ3110
  4345.406 106.00112     0.956    -7.272               3.464            BX11Q185
  4345.408 606.01213     0.345    -4.951                6.24            20rQ2137
  4345.409 606.01212     0.887    -4.107                6.24            53qR1232
  4345.410 606.01212     1.329    -0.923                6.24            75rR3f36
  4345.417 606.01212     0.874    -3.554                6.24            53qQ1f32
  4345.424 606.01212     0.887    -4.188                6.24            53qR2331
  4345.427 106.00113     1.714    -1.060               3.464            AX22Q255
  4345.441 606.01212     0.682    -4.183                6.24            42qR2330
  4345.449 606.01212     0.690    -3.761                6.24            53sR3206
  4345.449 606.01212     1.143    -3.986                6.24            75sR3220
  4345.452 606.01212     0.529    -1.393                6.24            42rR2f14
  4345.453      58.1     0.875     -1.21                                 LAWLER 
  4345.458 606.01212     0.718    -1.366                6.24            53rR3f12
  4345.460 606.01213     0.215    -5.288                6.24            20sR3225
  4345.466 606.01212     0.947    -1.179                6.24            64rR3f18
  4345.469 106.00113     1.714    -3.771               3.464            AX22P265
  4345.476 606.01212     1.287    -4.213                6.24            64qP3246
  4345.480      23.0     1.080     -3.07                                        
  4345.489 606.01213     0.345    -4.959                6.24            20rQ3236
  4345.494 606.01212     0.498    -3.866                6.24            42sR3207
  4345.503 606.01213     0.657    -5.733                6.24            20qP2155
  4345.504 106.00112     0.956    -2.507               3.464            BX11P195
  4345.504 606.01213     0.657    -5.741                6.24            20qP3254
  4345.518 606.01212     0.365    -8.936                6.24            31rP3120
  4345.533 606.01212     1.270    -4.040                6.24            64qR2344
  4345.564 606.01212     1.270    -3.904                6.24            64qQ3f44
  4345.568 106.00112     1.650    -1.060               3.464            AX22Q255
  4345.568 606.01212     0.707    -7.455                6.24            53rP3112
  4345.572 606.01212     1.287    -3.911                6.24            64qQ3e45
  4345.586 606.01212     0.241    -4.541                6.24            20rQ3227
  4345.586 606.01213     0.657    -4.753                6.24            20qQ1e55
  4345.591 606.01213     0.657    -4.909                6.24            20qQ3e53
  4345.593      25.1     5.394     -2.16                                        
  4345.594 106.00113     0.431    -1.994               3.464            AX11P065
  4345.605 606.01213     0.345    -4.949                6.24            20rQ2137
  4345.607      26.0     4.206     -3.99                                        
  4345.626 106.00112     1.650    -3.743               3.464            AX22R245
  4345.646 606.01212     0.874    -4.132                6.24            53qR1231
  4345.647 606.01213     0.346    -4.947                6.24            20rQ3236
  4345.657 606.01212     0.529    -1.419                6.24            42rR3e13
  4345.663 106.00112     1.650    -3.721               3.464            AX22P255
  4345.674 106.00113     0.431    -3.236               3.464            AX11Q065
  4345.678 606.01212     0.241    -4.527                6.24            20rQ2128
  4345.684      42.0     2.289     -2.82                                        
  4345.690 606.01213     0.345    -1.812                6.24            20rR1e37
  4345.707 606.01212     0.875    -3.819                6.24            53qQ3f30
  4345.720 606.01212     0.315    -4.142                6.24            31sR2112
  4345.721 106.00112     1.650    -1.066               3.464            AX22Q245
  4345.729 606.01213     0.657    -4.830                6.24            20qQ2f54
  4345.731 606.01212     1.315    -6.868                6.24            75rP3137
  4345.733 606.01213     0.346    -1.824                6.24            20rR2f36
  4345.743      22.0     3.110     -4.21                                        
  4345.745 606.01212     0.890    -3.727                6.24            64sR2110
  4345.753 606.01212     1.315    -4.034                6.24            75rQ2137
  4345.762 606.01213     0.345    -1.812                6.24            20rR1f37
  4345.771 606.01212     0.712    -3.600                6.24            53rQ3212
  4345.778 606.01213     0.345    -1.824                6.24            20rR2e36
  4345.787 606.01212     0.939    -8.609                6.24            64rP3119
  4345.788 106.00112     1.611   -12.234               3.464            CX04R155
  4345.789 606.01212     0.875    -4.170                6.24            53qR2330
  4345.790 606.01212     0.523    -3.719                6.24            42rQ2114
  4345.792      24.0     3.102     -1.69                                        
  4345.812 606.01213     0.657    -5.411                6.24            20qR1254
  4345.815 606.01213     0.657    -5.484                6.24            20qR2353
  4345.819 606.01213     0.346    -1.835                6.24            20rR3e35
  4345.820 606.01212     0.687    -3.699                6.24            53sR2106
  4345.828      24.0     3.844     -4.17                                        
  4345.828      74.0     2.351     -0.81                                        
  4345.850      62.1     0.104     -1.05                                 LAWLER 
  4345.852      58.1     1.194     -0.62                                        
  4345.877 606.01212     0.485    -5.416                6.24            20qP3244
  4345.878 606.01212     0.484    -5.393                6.24            20qP2145
  4345.879      23.0     1.711     -2.41                                        
  4345.880 606.01213     0.346    -1.835                6.24            20rR3f35
  4345.888 106.00112     0.433    -1.994               3.464            AX11P065
  4345.888 606.01212     0.712    -1.338                6.24            53rR1e13
  4345.898 606.01212     0.241    -1.629                6.24            20rR1f28
  4345.905      27.1     3.116     -5.07                                        
  4345.937 606.01212     0.523    -3.741                6.24            42rQ3213
  4345.939 606.01212     0.670    -4.508                6.24            42qP2131
  4345.945 606.01212     0.365    -4.026                6.24            31rQ2120
  4345.947 606.01212     0.365    -4.045                6.24            31rQ3219
  4345.958      23.0     2.706     -4.51                                        
  4345.958      58.1     1.106     -0.37                                        
  4345.958 606.01212     0.241    -1.645                6.24            20rR2e27
  4345.962 606.01212     0.932    -5.491                6.24            64rP3118
  4345.965 106.00112     0.433    -3.236               3.464            AX11Q065
  4345.965 606.01212     0.150    -7.203                6.24            20sQ3118
  4345.969 606.01212     1.315    -0.911                6.24            75rR1e37
  4345.983 606.01212     0.553    -4.865                6.24            31qP2137
  4345.987 106.00113     0.431    -1.994               3.464            AX11P065
  4345.990 606.01212     0.484    -4.353                6.24            20qQ1e45
  4345.995 606.01212     0.485    -4.535                6.24            20qQ3e43
  4345.998 606.01212     0.670    -4.547                6.24            42qP3230
  4346.005 106.00113     0.431    -1.929               3.464            AX11P075
  4346.023 606.01212     0.554    -4.887                6.24            31qP3236
  4346.031 606.01212     1.315    -4.032                6.24            75rQ3236
  4346.033 607.01214     3.562    -5.486               7.724          1415Qc0225
  4346.046 606.01212     0.241    -1.660                6.24            20rR3f26
  4346.047      23.0     2.614     -4.59                                        
  4346.047 606.01212     0.685    -5.588                6.24            53sQ3105
  4346.048 607.01214     3.562    -2.407               7.724          1415Pa0235
  4346.048 607.01214     3.562    -2.416               7.724          1415Pb0225
  4346.053 606.01212     1.315    -0.923                6.24            75rR2f36
  4346.072 106.00113     0.431    -3.248               3.464            AX11Q065
  4346.081 606.01212     0.862    -4.510                6.24            53qP2131
  4346.081 606.01212     0.939    -3.781                6.24            64rQ2119
  4346.102      22.0     1.878     -0.99                                        
  4346.102      22.0     2.235     -0.45                                 LAWLER 
  4346.109      41.0     1.079     -1.51                                        
  4346.116 606.01212     0.670    -3.624                6.24            42qQ1e31
  4346.123 606.01212     0.712    -1.371                6.24            53rR2f12
  4346.133 606.01212     0.553    -3.892                6.24            31qQ1e37
  4346.138 606.01212     0.485    -4.443                6.24            20qQ2f44
  4346.144 606.01212     0.863    -4.554                6.24            53qP3230
  4346.150 606.01212     1.135    -6.458                6.24            75sQ3120
  4346.153 606.01212     0.316    -4.291                6.24            31sR3211
  4346.159 606.01212     1.236    -4.175                6.24            64qP2144
  4346.165 606.01212     0.517    -9.064                6.24            42rP3113
  4346.174 606.01212     0.707    -3.573                6.24            53rQ2112
  4346.179      23.0     2.121     -3.47                                        
  4346.181 106.00113     1.855    -5.157               3.464            AX54P195
  4346.187 606.01212     0.554    -4.116                6.24            31qQ3e35
  4346.188      25.0     4.675     -1.79                                        
  4346.189 606.01212     1.316    -0.935                6.24            75rR3e35
  4346.190 606.01212     1.092    -5.962                6.24            75tR3113
  4346.193      42.0     2.075     -2.07                                        
  4346.210 606.01212     0.670    -3.891                6.24            42qQ3e29
  4346.213 606.01212     0.150    -4.738                6.24            20sR2118
  4346.219 606.01212     0.495    -3.978                6.24            42sR2107
  4346.239 606.01212     0.681    -6.472                6.24            53tR3102
  4346.242 606.01212     1.380    -6.457                6.24            86tR3127
  4346.249 606.01212     0.485    -5.001                6.24            20qR1244
  4346.256 606.01212     0.485    -5.070                6.24            20qR2343
  4346.261 606.01212     0.658    -4.414                6.24            42qP2130
  4346.269 606.01212     0.862    -3.537                6.24            53qQ1e31
  4346.270      66.1     1.650     -1.22                                 LAWLER 
  4346.272 606.01212     0.523    -1.397                6.24            42rR1f14
  4346.275 606.01212     0.932    -4.036                6.24            64rQ2118
  4346.280      20.0     4.621     -2.35                                        
  4346.287 606.01212     0.365    -1.414                6.24            31rR1f20
  4346.294 106.00112     0.433    -1.929               3.464            AX11P075
  4346.294 106.00112     0.433    -1.994               3.464            AX11P065
  4346.297 606.01212     1.236    -3.797                6.24            64qQ2e43
  4346.299 606.01212     0.554    -4.002                6.24            31qQ2f36
  4346.312 606.01212     0.670    -3.755                6.24            42qQ2f30
  4346.315 606.01212     1.135    -3.898                6.24            75sR2120
  4346.316 606.01212     1.236    -3.708                6.24            64qQ1f44
  4346.318 606.01212     1.236    -4.235                6.24            64qP3243
  4346.321 606.01213     0.637    -5.660                6.24            20qP2154
  4346.326      25.0     2.280     -3.31                                        
  4346.327 606.01212     0.713    -1.402                6.24            53rR3e11
  4346.327 606.01212     0.851    -4.472                6.24            53qP2130
  4346.348 606.01212     0.863    -3.810                6.24            53qQ3e29
  4346.356 106.00113     0.432    -1.930               3.464            AX11P075
  4346.359      26.0     3.265     -7.15                                        
  4346.365 606.01212     1.301    -7.155                6.24            75rP3136
  4346.368 106.00112     0.433    -3.248               3.464            AX11Q065
  4346.372 606.01212     0.365    -1.436                6.24            31rR2e19
  4346.374      66.1     2.576      0.20                                        
  4346.381 106.00113     0.894    -5.252               3.464            BX11P175
  4346.382 606.01213     0.637    -5.741                6.24            20qP3253
  4346.383 606.01212     0.940    -3.768                6.24            64rQ3218
  4346.391      25.1     6.531     -1.54                                        
  4346.392 606.01212     0.708    -3.603                6.24            53rQ3211
  4346.399 606.01213     0.637    -4.821                6.24            20qQ2e53
  4346.403 606.01212     0.703    -7.377                6.24            53rP3111
  4346.422 606.01212     0.891    -3.805                6.24            64sR3209
  4346.425      58.1     1.012     -0.80                                        
  4346.429 606.01212     0.658    -4.491                6.24            42qP3229
  4346.437      90.0     0.902     -0.80                                        
  4346.440 106.00113     0.836    -2.439               3.464            BX01R165
  4346.448 606.01212     0.554    -4.464                6.24            31qR1236
  4346.453 606.01212     0.151    -4.866                6.24            20sR3217
  4346.454 606.01212     1.236    -4.031                6.24            64qR1243
  4346.455      64.0     0.124      0.16                                        
  4346.456 606.01212     0.863    -3.670                6.24            53qQ2f30
  4346.463 606.01212     0.554    -4.550                6.24            31qR2335
  4346.465 606.01212     0.887    -5.738                6.24            64sQ3109
  4346.472 606.01212     0.523    -1.424                6.24            42rR2e13
  4346.472 606.01212     0.933    -3.851                6.24            64rQ3217
  4346.479      44.0     0.997     -1.65                                        
  4346.480      62.1     0.543     -1.77                                 LAWLER 
  4346.482 606.01212     0.851    -4.563                6.24            53qP3229
  4346.482      69.0     1.931     -0.10                                        
  4346.489 606.01212     0.670    -4.062                6.24            42qR1230
  4346.500 606.01212     0.517    -3.692                6.24            42rQ2113
  4346.501      30.0     5.791     -5.71                                        
  4346.505 606.01212     0.658    -3.739                6.24            42qQ2e29
  4346.508 606.01212     1.253    -4.218                6.24            64qP2145
  4346.509      26.1     6.212     -3.99                                        
  4346.525 606.01212     0.670    -4.138                6.24            42qR2329
  4346.526 606.01213     0.637    -4.744                6.24            20qQ1f54
  4346.527      40.0     1.750     -0.42                                        
  4346.528 606.01212     1.253    -4.236                6.24            64qP3244
  4346.532 606.01212     0.366    -1.457                6.24            31rR3f18
  4346.532 606.01212     0.658    -3.605                6.24            42qQ1f30
  4346.533 606.01212     0.539    -4.798                6.24            31qP2136
  4346.536 106.00113     0.339    -3.788               3.464            BX01Q005
  4346.537 606.01212     0.297    -6.185                6.24            31tR3107
  4346.544 106.00113     0.339    -4.380               3.464            BX01R005
  4346.551 106.00113     0.836    -7.224               3.464            BX01Q175
  4346.552      26.0     3.299     -1.54                                        
  4346.570 606.01212     1.302    -4.038                6.24            75rQ3235
  4346.571      26.0     3.981     -4.33                                        
  4346.579 606.01212     0.467    -5.303                6.24            20qP2144
  4346.579 606.01212     0.851    -3.655                6.24            53qQ2e29
  4346.600      22.0     3.111     -3.96                                        
  4346.603      22.0     2.152     -1.49                                        
  4346.604 606.01212     1.253    -3.720                6.24            64qQ1e45
  4346.605 606.01213     0.637    -5.468                6.24            20qR1253
  4346.606 606.01212     1.135    -4.014                6.24            75sR3219
  4346.617 606.01212     1.301    -4.027                6.24            75rQ2136
  4346.622      64.0     0.027     -0.19                                        
  4346.626 106.00113     0.836    -2.390               3.464            BX01R175
  4346.634 606.01212     1.253    -3.897                6.24            64qQ3e43
  4346.635 606.01212     0.851    -3.519                6.24            53qQ1f30
  4346.639 606.01212     0.539    -4.894                6.24            31qP3235
  4346.644 606.01212     0.863    -4.087                6.24            53qR1230
  4346.644 606.01212     0.939    -1.205                6.24            64rR1e19
  4346.654 606.01212     1.236    -4.049                6.24            64qR2342
  4346.655 106.00112     0.433    -1.930               3.464            AX11P075
  4346.658 606.01212     0.487    -5.918                6.24            42tR3103
  4346.660 606.01212     0.863    -4.172                6.24            53qR2329
  4346.664 606.01212     0.467    -5.376                6.24            20qP3243
  4346.672 606.01212     0.940    -1.223                6.24            64rR2f18
  4346.676 606.01212     1.236    -3.890                6.24            64qQ3f42
  4346.681 606.01212     0.876    -5.514                6.24            64tR3105
  4346.687 606.01212     0.357    -7.980                6.24            31rP3119
  4346.692 606.01213     0.637    -4.903                6.24            20qQ3f52
  4346.693 606.01212     0.524    -1.450                6.24            42rR3f12
  4346.697 606.01212     0.467    -4.432                6.24            20qQ2e43
  4346.703 606.01212     0.311    -6.404                6.24            31sQ3111
  4346.709 606.01213     0.637    -5.477                6.24            20qR2352
  4346.710 606.01212     0.539    -3.990                6.24            31qQ2e35
  4346.736      24.0     2.980     -2.12                                        
  4346.748 606.01212     0.707    -1.371                6.24            53rR1f12
  4346.751 606.01212     1.253    -3.807                6.24            64qQ2f44
  4346.753 606.01212     0.940    -1.240                6.24            64rR3e17
  4346.761 606.01212     0.492    -5.699                6.24            42sQ3106
  4346.770 606.01212     1.301    -0.923                6.24            75rR1f36
  4346.775 606.01212     0.658    -4.144                6.24            42qR1229
  4346.778 606.01212     0.230    -8.207                6.24            20rP3127
  4346.779 106.00112     1.721    -3.740               3.464            AX22R255
  4346.784 606.01212     0.933    -1.372                6.24            64rR2e17
  4346.795 606.01212     0.539    -3.877                6.24            31qQ1f36
  4346.801 606.01212     0.467    -4.340                6.24            20qQ1f44
  4346.814 606.01212     0.115    -7.137                6.24            20tR3112
  4346.818      24.0     2.980     -0.64                                        
  4346.822 606.01212     1.302    -0.935                6.24            75rR2e35
  4346.824 606.01212     0.688    -3.765                6.24            53sR3205
  4346.826 606.01212     0.703    -3.553                6.24            53rQ2111
  4346.828      22.0     2.776     -2.65                                        
  4346.846 106.00112     1.721    -1.055               3.464            AX22Q265
  4346.848 606.01212     1.253    -3.978                6.24            64qR1244
  4346.857 606.01212     1.253    -4.036                6.24            64qR2343
  4346.874 606.01212     0.658    -3.882                6.24            42qQ3f28
  4346.876 106.00112     1.721    -1.060               3.464            AX22Q255
  4346.887 606.01212     0.851    -4.109                6.24            53qR1229
  4346.893      23.1     1.671     -2.79                                        
  4346.913 606.01213     0.205    -7.905                6.24            20sQ3125
  4346.919 606.01212     0.467    -5.069                6.24            20qR1243
  4346.920 606.01212     0.230    -4.515                6.24            20rQ2127
  4346.920 606.01212     0.932    -1.180                6.24            64rR1f18
  4346.922 606.01213     0.205    -8.110                6.24            20sQ3125
  4346.926 606.01212     0.357    -4.011                6.24            31rQ2119
  4346.926 606.01212     0.496    -3.937                6.24            42sR3206
  4346.926 606.01212     0.513    -7.028                6.24            42rP3112
  4346.931 606.01212     0.851    -3.802                6.24            53qQ3f28
  4346.934 606.01213     0.332    -8.580                6.24            20rP3136
  4346.943 106.00112     1.721    -3.770               3.464            AX22P265
  4346.943 606.01213     0.332    -8.196                6.24            20rP3136
  4346.949 606.01212     0.658    -4.183                6.24            42qR2328
  4346.971 606.01212     0.539    -4.514                6.24            31qR1235
  4346.976 606.01212     1.302    -0.947                6.24            75rR3f34
  4346.983 606.01212     0.699    -6.938                6.24            53rP3110
  4346.987 606.01213     0.637    -5.736                6.24            20qP2154
  4346.990 606.01213     0.637    -5.745                6.24            20qP3253
  4346.992      74.0     2.385     -0.43                                        
  4346.999 606.01212     0.708    -1.407                6.24            53rR2e11
  4347.006 606.01212     0.467    -4.528                6.24            20qQ3f42
  4347.017 606.01212     0.685    -3.721                6.24            53sR2105
  4347.029 606.01212     0.851    -4.151                6.24            53qR2328
  4347.032 606.01212     0.539    -4.108                6.24            31qQ3f34
  4347.033 606.01212     0.518    -3.686                6.24            42rQ3212
  4347.035 606.01213     0.332    -4.940                6.24            20rQ2136
  4347.039 606.01212     0.467    -5.091                6.24            20qR2342
  4347.074 606.01213     0.637    -4.744                6.24            20qQ1e54
  4347.076 606.01212     0.517    -1.429                6.24            42rR1e13
  4347.080 606.01213     0.637    -4.902                6.24            20qQ3e52
  4347.084 606.01213     0.205    -5.186                6.24            20sR2125
  4347.098      23.0     2.357     -2.48                                        
  4347.102 606.01212     0.539    -4.538                6.24            31qR2334
  4347.109 606.01212     0.933    -1.289                6.24            64rR3f16
  4347.116 606.01213     0.332    -4.948                6.24            20rQ3235
  4347.146 606.01212     0.683    -5.426                6.24            53sQ3104
  4347.148 606.01212     0.926    -7.373                6.24            64rP3117
  4347.164 606.01213     0.148    -7.599                6.24            20tR3118
  4347.193      90.1     1.832     -1.19                                        
  4347.195      92.1     0.113     -1.74                                        
  4347.200 607.01214     3.571    -5.516               7.724          1415Qc0235
  4347.201 606.01212     0.230    -4.510                6.24            20rQ3226
  4347.209 606.01212     0.840    -4.521                6.24            53qP2129
  4347.215 606.01213     0.148    -7.346                6.24            20tR3118
  4347.216 607.01214     3.571    -2.398               7.724          1415Pa0245
  4347.216 607.01214     3.571    -2.407               7.724          1415Pb0235
  4347.217 606.01213     0.637    -4.822                6.24            20qQ2f53
  4347.226      40.0     0.071     -2.38                                        
  4347.228 606.01213     0.332    -4.937                6.24            20rQ2136
  4347.235      26.0     0.000     -5.43                                  OBR91 
  4347.237 606.01213     0.205    -5.308                6.24            20sR3224
  4347.240 606.01212     1.203    -4.191                6.24            64qP2142
  4347.240      62.1     0.659     -1.79                                 LAWLER 
  4347.241 606.01212     0.708    -1.440                6.24            53rR3f10
  4347.246      90.1     1.802     -1.22                                        
  4347.248 606.01212     0.230    -1.644                6.24            20rR1e27
  4347.268 606.01212     1.288    -6.869                6.24            75rP3135
  4347.270 106.00113     0.097    -1.952               3.464            AX00P065
  4347.277 606.01213     0.332    -4.935                6.24            20rQ3235
  4347.281 606.01212     0.840    -4.570                6.24            53qP3228
  4347.284 606.01212     0.358    -4.006                6.24            31rQ3218
  4347.294 606.01213     0.205    -5.226                6.24            20sR2125
  4347.303 606.01212     1.288    -4.011                6.24            75rQ2135
  4347.304 606.01213     0.637    -5.407                6.24            20qR1253
  4347.305      41.0     1.674     -0.93                                        
  4347.307 606.01213     0.637    -5.481                6.24            20qR2352
  4347.310      64.1     1.313     -0.21                                 LAWLER 
  4347.323 606.01212     0.647    -4.544                6.24            42qP2129
  4347.324 606.01213     0.332    -1.824                6.24            20rR1e36
  4347.326 606.01212     0.311    -4.135                6.24            31sR2111
  4347.344 606.01212     0.230    -1.661                6.24            20rR2f26
  4347.351 106.00113     0.097    -3.218               3.464            AX00Q065
  4347.359 606.01212     0.887    -3.833                6.24            64sR2109
  4347.368 606.01212     0.518    -1.459                6.24            42rR2f12
  4347.369 606.01213     0.332    -1.836                6.24            20rR2f35
  4347.389 606.01212     1.203    -3.777                6.24            64qQ2e41
  4347.390 606.01212     0.647    -4.588                6.24            42qP3228
  4347.391 606.01213     0.205    -5.271                6.24            20sR3224
  4347.392 606.01212     0.357    -1.436                6.24            31rR1e19
  4347.392 606.01213     0.332    -1.824                6.24            20rR1f36
  4347.401 606.01212     1.203    -4.254                6.24            64qP3241
  4347.407 606.01212     1.203    -3.683                6.24            64qQ1f42
  4347.411 606.01213     0.332    -1.836                6.24            20rR2e35
  4347.416 606.01212     0.840    -3.500                6.24            53qQ1e29
  4347.424 606.01212     0.703    -3.545                6.24            53rQ3210
  4347.436 606.01212     0.492    -3.908                6.24            42sR2106
  4347.438 606.01212     0.926    -3.693                6.24            64rQ2117
  4347.451 606.01212     0.230    -1.676                6.24            20rR3e25
  4347.453 606.01212     0.829    -4.484                6.24            53qP2128
  4347.456 606.01213     0.332    -1.848                6.24            20rR3e34
  4347.480 606.01212     1.127    -6.533                6.24            75sQ3119
  4347.490      59.1     0.422     -0.33                                LINOHFS 
  4347.497      24.0     2.985     -1.79                                        
  4347.498      74.0     2.386     -0.77                                        
  4347.505 606.01212     0.840    -3.792                6.24            53qQ3e27
  4347.509 106.00113     0.708    -2.294               3.464            AX22P045
  4347.514 606.01212     0.490    -6.718                6.24            42sQ3105
  4347.514 606.01213     0.332    -1.848                6.24            20rR3f34
  4347.520 606.01212     0.647    -3.587                6.24            42qQ1e29
  4347.533 606.01212     1.288    -0.935                6.24            75rR1e35
  4347.536 606.01212     0.358    -1.459                6.24            31rR2f18
  4347.538 106.00112     0.098    -1.952               3.464            AX00P065
  4347.539 606.01212     1.219    -4.240                6.24            64qP2143
  4347.547      22.0     2.343     -3.90                                        
  4347.557 606.01212     1.203    -4.036                6.24            64qR1241
  4347.561 606.01212     0.703    -1.408                6.24            53rR1e11
  4347.564 606.01212     1.220    -4.259                6.24            64qP3242
  4347.586 606.01212     1.289    -4.008                6.24            75rQ3234
  4347.591      58.1     1.013     -1.20                                        
  4347.594 606.01212     0.518    -1.488                6.24            42rR3e11
  4347.608 606.01212     0.840    -3.642                6.24            53qQ2f28
  4347.610      25.0     4.357     -2.76                                        
  4347.616 106.00112     0.098    -3.218               3.464            AX00Q065
  4347.617 606.01212     0.829    -4.581                6.24            53qP3227
  4347.621 606.01212     1.289    -0.948                6.24            75rR2f34
  4347.623 606.01212     0.647    -3.874                6.24            42qQ3e27
  4347.629      23.0     2.357     -2.36                                        
  4347.634 606.01212     0.636    -4.444                6.24            42qP2128
  4347.642 606.01212     0.144    -7.342                6.24            20sQ3117
  4347.644 106.00113     0.371    -4.318               3.464            AX11P035
  4347.644 606.01212     1.219    -3.696                6.24            64qQ1e43
  4347.655 106.00113     0.708    -3.171               3.464            AX22Q045
  4347.660 606.01212     0.358    -1.481                6.24            31rR3e17
  4347.674 606.01212     0.699    -3.518                6.24            53rQ2110
  4347.677 106.00113     0.097    -1.952               3.464            AX00P065
  4347.681 606.01212     1.220    -3.882                6.24            64qQ3e41
  4347.689 606.01212     0.513    -3.791                6.24            42rQ2112
  4347.697 106.00113     0.097    -1.888               3.464            AX00P075
  4347.697 606.01212     0.888    -3.702                6.24            64sR3208
  4347.702      58.1     0.608     -1.44                                        
  4347.705 606.01212     0.350   -10.430                6.24            31rP3118
  4347.710      66.0     1.672      0.56                                        
  4347.716 106.00113     0.708    -2.293               3.464            AX22P045
  4347.719 606.01212     0.312    -4.215                6.24            31sR3210
  4347.722 606.01212     0.647    -3.727                6.24            42qQ2f28
  4347.722 606.01212     0.884    -5.536                6.24            64sQ3108
  4347.724 606.01212     0.920    -6.912                6.24            64rP3116
  4347.732 606.01212     0.829    -3.626                6.24            53qQ2e27
  4347.746 606.01212     0.513    -3.692                6.24            42rQ3211
  4347.750 606.01212     0.695    -6.760                6.24            53rP3109
  4347.757 606.01212     1.204    -4.056                6.24            64qR2340
  4347.760 606.01212     1.289    -0.960                6.24            75rR3e33
  4347.764 606.01212     0.508    -7.874                6.24            42rP3111
  4347.765 106.00113     0.097    -3.230               3.464            AX00Q065
  4347.768 606.01212     1.204    -3.875                6.24            64qQ3f40
  4347.778 606.01212     0.682    -5.680                6.24            53sQ3103
  4347.782 606.01212     0.829    -3.480                6.24            53qQ1f28
  4347.791 106.00113     0.371    -4.330               3.464            AX11P035
  4347.795 606.01212     1.220    -3.788                6.24            64qQ2f42
  4347.800      62.1     0.378     -0.42                                 LAWLER 
  4347.804 606.01213     0.617    -5.663                6.24            20qP2153
  4347.809 606.01212     0.636    -4.527                6.24            42qP3227
  4347.814 606.01212     0.926    -3.686                6.24            64rQ3216
  4347.815 606.01212     0.840    -4.063                6.24            53qR1228
  4347.833      26.0     3.600     -1.66                                        
  4347.833 606.01212     0.840    -4.153                6.24            53qR2327
  4347.847 606.01212     0.703    -1.446                6.24            53rR2f10
  4347.858 606.01212     1.371    -6.686                6.24            86tR3126
  4347.860 106.00112     0.710    -2.294               3.464            AX22P045
  4347.864 106.00113     0.708    -3.181               3.464            AX22Q045
  4347.864 606.01212     1.127    -3.890                6.24            75sR2119
  4347.865 606.01213     0.617    -5.745                6.24            20qP3252
  4347.866 606.01212     0.525    -4.881                6.24            31qP2135
  4347.868 606.01212     0.486    -6.396                6.24            42tR3102
  4347.886 606.01213     0.617    -4.814                6.24            20qQ2e52
  4347.887 606.01212     1.087    -6.115                6.24            75tR3112
  4347.893      40.0     0.998      0.04                                        
  4347.900 606.01212     1.220    -3.979                6.24            64qR1242
  4347.904 606.01212     0.636    -3.710                6.24            42qQ2e27
  4347.911 606.01212     1.275    -7.160                6.24            75rP3134
  4347.912 606.01212     0.526    -4.906                6.24            31qP3234
  4347.912 606.01212     1.220    -4.041                6.24            64qR2341
  4347.919 606.01212     0.647    -4.053                6.24            42qR1228
  4347.927 606.01212     0.636    -3.566                6.24            42qQ1f28
  4347.949 106.00112     0.372    -4.318               3.464            AX11P035
  4347.954 606.01212     0.647    -4.134                6.24            42qR2327
  4347.960 106.00112     0.098    -1.952               3.464            AX00P065
  4347.966 106.00112     0.098    -1.887               3.464            AX00P075
  4347.985 606.01212     0.926    -1.214                6.24            64rR1e17
  4347.990 606.01212     0.683    -3.789                6.24            53sR2104
  4347.994 606.01212     0.699    -3.549                6.24            53rQ3209
  4347.995      26.1     4.728     -3.69                                        
  4348.005 606.01212     0.686    -3.732                6.24            53sR3204
  4348.012 106.00112     0.710    -3.171               3.464            AX22Q045
  4348.013 606.01213     0.617    -4.734                6.24            20qQ1f53
  4348.029 606.01212     0.525    -3.862                6.24            31qQ1e35
  4348.030 606.01212     0.875    -5.502                6.24            64tR3104
  4348.037 106.00112     0.098    -3.230               3.464            AX00Q065
  4348.042      20.0     4.776     -3.45                                        
  4348.061 106.00113     0.098    -1.888               3.464            AX00P075
  4348.061 606.01212     0.829    -4.082                6.24            53qR1227
  4348.076 606.01212     0.704    -1.482                6.24            53rR3e09
  4348.078 106.00112     0.710    -2.293               3.464            AX22P045
  4348.078 606.01212     1.128    -3.955                6.24            75sR3218
  4348.079      74.0     2.600     -0.48                                        
  4348.087 606.01212     0.829    -3.784                6.24            53qQ3f26
  4348.090 606.01212     0.526    -4.100                6.24            31qQ3e33
  4348.094 606.01213     0.617    -5.463                6.24            20qR1252
  4348.096 106.00113     0.708    -2.193               3.464            AX22P055
  4348.097 106.00112     0.372    -4.330               3.464            AX11P035
  4348.105 606.01212     0.926    -1.237                6.24            64rR2f16
  4348.125 606.01212     0.219    -8.918                6.24            20rP3126
  4348.126 606.01212     0.144    -4.754                6.24            20sR2117
  4348.134 606.01212     1.276    -4.014                6.24            75rQ3233
  4348.155 606.01212     0.508    -3.642                6.24            42rQ2111
  4348.167 606.01212     0.350    -3.984                6.24            31rQ2118
  4348.173 606.01212     1.275    -4.002                6.24            75rQ2134
  4348.179 606.01213     0.617    -4.896                6.24            20qQ3f51
  4348.197 106.00112     0.340    -3.788               3.464            BX01Q005
  4348.197 606.01212     0.636    -4.136                6.24            42qR1227
  4348.199 106.00112     0.340    -4.379               3.464            BX01R005
  4348.199 606.01212     0.350    -4.005                6.24            31rQ3217
  4348.199 606.01212     0.526    -3.979                6.24            31qQ2f34
  4348.199 606.01213     0.617    -5.473                6.24            20qR2351
  4348.203 606.01212     0.829    -4.129                6.24            53qR2326
  4348.216 606.01212     0.920    -3.639                6.24            64rQ2116
  4348.220 606.01212     0.692    -6.500                6.24            53rP3108
  4348.223 106.00112     0.710    -3.181               3.464            AX22Q045
  4348.230 606.01212     0.307    -6.148                6.24            31sQ3110
  4348.233 606.01212     0.513    -1.490                6.24            42rR1f12
  4348.245 606.01212     0.926    -1.260                6.24            64rR3e15
  4348.252 606.01212     0.295    -6.356                6.24            31tR3106
  4348.266 606.01212     0.695    -3.500                6.24            53rQ2109
  4348.266 606.01212     0.818    -4.533                6.24            53qP2127
  4348.274 106.00113     0.708    -2.194               3.464            AX22P055
  4348.275 606.01212     0.636    -3.865                6.24            42qQ3f26
  4348.295 606.01212     1.172    -4.206                6.24            64qP2140
  4348.305 606.01212     0.144    -4.820                6.24            20sR3216
  4348.316      26.0     3.981     -2.31                                        
  4348.316 606.01212     0.920    -3.668                6.24            64rQ3215
  4348.326 106.00112     0.840    -2.438               3.464            BX01R165
  4348.334      68.0     0.624     -0.26                                        
  4348.336 106.00112     0.098    -1.888               3.464            AX00P075
  4348.338 606.01212     1.275    -0.947                6.24            75rR1f34
  4348.348 606.01212     0.818    -4.588                6.24            53qP3226
  4348.362 606.01212     0.526    -4.451                6.24            31qR1234
  4348.364      28.0     4.415     -3.02                                        
  4348.369 606.01212     0.699    -1.448                6.24            53rR1f10
  4348.370 606.01212     0.636    -4.179                6.24            42qR2326
  4348.377 606.01212     0.526    -4.541                6.24            31qR2333
  4348.382 606.01212     0.450    -5.404                6.24            20qP2143
  4348.384 606.01212     0.450    -5.429                6.24            20qP3242
  4348.389 606.01212     0.884    -3.727                6.24            64sR2108
  4348.396 606.01212     1.276    -0.960                6.24            75rR2e33
  4348.398      25.1     5.414     -1.50                                        
  4348.398 607.01214     3.581    -5.547               7.724          1415Qc0245
  4348.400 106.00113     1.856    -5.212               3.464            AX54P195
  4348.404 606.01212     0.512    -4.813                6.24            31qP2134
  4348.411 606.01212     0.493    -3.971                6.24            42sR3205
  4348.414 607.01214     3.581    -2.392               7.724          1415Pa0255
  4348.414 607.01214     3.581    -2.399               7.724          1415Pb0245
  4348.418 606.01212     0.220    -4.510                6.24            20rQ3225
  4348.419      28.0     4.415     -2.38                                        
  4348.436 606.01212     0.504    -6.615                6.24            42rP3110
  4348.442 106.00112     0.840    -7.224               3.464            BX01Q175
  4348.449 606.01213     0.617    -5.738                6.24            20qP2153
  4348.453 606.01213     0.617    -5.748                6.24            20qP3252
  4348.457 606.01212     1.173    -3.756                6.24            64qQ2e39
  4348.458 606.01212     1.173    -4.273                6.24            64qP3239
  4348.459 106.00112     0.710    -2.193               3.464            AX22P055
  4348.473 606.01212     1.172    -3.657                6.24            64qQ1f40
  4348.479      23.0     2.576     -4.24                                        
  4348.494 606.01212     0.818    -3.460                6.24            53qQ1e27
  4348.497 606.01212     0.219    -4.496                6.24            20rQ2126
  4348.503 606.01212     0.450    -4.329                6.24            20qQ1e43
  4348.505 606.01212     0.808    -4.498                6.24            53qP2126
  4348.507 106.00113     1.303    -3.844               3.464            AX44R055
  4348.510 606.01212     0.513    -1.609                6.24            42rR2e11
  4348.512      21.0     2.294     -0.65                                        
  4348.512 606.01212     0.450    -4.521                6.24            20qQ3e41
  4348.514 606.01212     0.512    -4.915                6.24            31qP3233
  4348.519      25.0     3.132     -4.25                                        
  4348.520 106.00112     0.840    -2.389               3.464            BX01R175
  4348.526 606.01213     0.318    -8.592                6.24            20rP3135
  4348.537      27.0     3.949     -3.93                                        
  4348.539 606.01213     0.318    -8.203                6.24            20rP3135
  4348.539 606.01213     0.617    -4.735                6.24            20qQ1e53
  4348.547 606.01212     0.350    -1.459                6.24            31rR1f18
  4348.547 606.01213     0.617    -4.896                6.24            20qQ3e51
  4348.550 606.01212     1.188    -4.262                6.24            64qP2141
  4348.555 606.01212     1.276    -0.973                6.24            75rR3f32
  4348.580 606.01212     1.188    -4.283                6.24            64qP3240
  4348.585      58.1     0.956     -1.45                                 LAWLER 
  4348.590 606.01212     0.514    -1.524                6.24            42rR3f10
  4348.595 606.01212     0.819    -3.775                6.24            53qQ3e25
  4348.598      90.0     1.716     -0.10                                        
  4348.599 606.01212     0.512    -3.965                6.24            31qQ2e33
  4348.604 606.01212     0.920    -1.232                6.24            64rR1f16
  4348.605      23.0     2.580     -2.53                                        
  4348.615 606.01212     0.625    -4.583                6.24            42qP2127
  4348.626 106.00113     1.716    -1.056               3.464            AX22Q265
  4348.627 606.01212     0.914    -7.066                6.24            64rP3115
  4348.636 106.00112     0.710    -2.194               3.464            AX22P055
  4348.636 606.01212     1.173    -4.040                6.24            64qR1239
  4348.637 606.01213     0.318    -4.928                6.24            20rQ2135
  4348.640 606.01212     0.681    -5.792                6.24            53sQ3102
  4348.648      41.0     0.086     -1.15                                        
  4348.652 106.00112     1.962    -6.355               3.464            CX15R175
  4348.653 606.01212     0.450    -4.423                6.24            20qQ2f42
  4348.665 606.01212     1.188    -3.670                6.24            64qQ1e41
  4348.666 606.01212     0.350    -1.483                6.24            31rR2e17
  4348.670 106.00113     1.303    -3.826               3.464            AX44R055
  4348.675 606.01212     0.881    -5.519                6.24            64sQ3107
  4348.679 606.01212     0.808    -4.602                6.24            53qP3225
  4348.681 606.01212     0.512    -3.846                6.24            31qQ1f34
  4348.683 606.01212     0.307    -4.084                6.24            31sR2110
  4348.683 606.01213     0.617    -4.814                6.24            20qQ2f52
  4348.685 606.01212     0.699    -1.489                6.24            53rR2e09
  4348.691 606.01212     0.625    -4.631                6.24            42qP3226
  4348.694 606.01212     0.818    -3.612                6.24            53qQ2f26
  4348.709 606.01212     1.188    -3.867                6.24            64qQ3e39
  4348.717 606.01213     0.318    -4.936                6.24            20rQ3234
  4348.735 106.00113     1.716    -3.770               3.464            AX22R255
  4348.740 606.01212     1.121    -6.337                6.24            75sQ3118
  4348.741 606.01212     0.219    -1.661                6.24            20rR1f26
  4348.750 606.01212     0.488    -5.523                6.24            42sQ3104
  4348.759 106.00112     1.962    -6.378               3.464            CX15R165
  4348.769 106.00112     1.962   -10.460               3.464            CX15Q175
  4348.773 606.01212     0.490    -3.629                6.24            42sR2105
  4348.773 606.01213     0.617    -5.403                6.24            20qR1252
  4348.774 606.01212     0.450    -4.992                6.24            20qR1242
  4348.775 606.01212     0.508    -1.520                6.24            42rR1e11
  4348.776 606.01213     0.617    -5.479                6.24            20qR2351
  4348.781 606.01212     0.450    -5.064                6.24            20qR2341
  4348.783      39.0     2.011      0.59                                        
  4348.783 606.01212     0.509    -3.632                6.24            42rQ3210
  4348.802 106.00113     1.716    -3.743               3.464            AX22P265
  4348.807 606.01212     0.920    -1.260                6.24            64rR2e15
  4348.808 606.01212     0.220    -1.677                6.24            20rR2e25
  4348.808 606.01212     0.351    -1.506                6.24            31rR3f16
  4348.809 606.01213     0.196    -8.058                6.24            20sQ3124
  4348.810 606.01212     1.263    -6.871                6.24            75rP3133
  4348.811 606.01213     0.195    -7.854                6.24            20sQ3124
  4348.815 606.01212     0.808    -3.595                6.24            53qQ2e25
  4348.819 606.01212     0.343    -8.332                6.24            31rP3117
  4348.819 606.01212     1.188    -3.768                6.24            64qQ2f40
  4348.827 606.01213     0.318    -4.925                6.24            20rQ2135
  4348.835 606.01212     0.625    -3.546                6.24            42qQ1e27
  4348.836 606.01212     1.173    -4.062                6.24            64qR2338
  4348.837 606.01212     1.173    -3.860                6.24            64qQ3f38
  4348.858 606.01212     0.808    -3.438                6.24            53qQ1f26
  4348.859 606.01212     1.263    -3.985                6.24            75rQ2133
  4348.876 606.01212     0.512    -4.498                6.24            31qR1233
  4348.881 606.01213     0.318    -4.923                6.24            20rQ3234
  4348.896 606.01212     0.689    -6.274                6.24            53rP3107
  4348.907      40.0     0.686     -1.77                                        
  4348.910 606.01212     0.615    -4.475                6.24            42qP2126
  4348.911 106.00113     1.716    -1.060               3.464            AX22Q255
  4348.922 606.01212     0.512    -4.092                6.24            31qQ3f32
  4348.923 606.01212     0.220    -1.694                6.24            20rR3f24
  4348.923 606.01212     0.818    -4.035                6.24            53qR1226
  4348.933 606.01213     0.318    -1.836                6.24            20rR1e35
  4348.934 606.01212     1.188    -3.978                6.24            64qR1240
  4348.936 606.01212     1.121    -3.857                6.24            75sR2118
  4348.937      26.0     2.988     -2.13                                        
  4348.941 606.01212     0.819    -4.131                6.24            53qR2325
  4348.945 606.01212     0.914    -3.639                6.24            64rQ2115
  4348.946 606.01212     0.625    -3.856                6.24            42qQ3e25
  4348.948 606.01212     1.188    -4.043                6.24            64qR2339
  4348.959 606.01212     0.700    -1.529                6.24            53rR3f08
  4348.965       6.0     7.940     -2.11                                        
  4348.979 606.01213     0.318    -1.848                6.24            20rR2f34
  4348.980 606.01212     0.696    -3.486                6.24            53rQ3208
  4348.993 606.01213     0.195    -5.167                6.24            20sR2124
  4348.998 606.01213     0.318    -1.836                6.24            20rR1f35
  4349.005 606.01212     0.885    -3.718                6.24            64sR3207
  4349.006 606.01212     0.512    -4.526                6.24            31qR2332
  4349.012 606.01212     0.920    -1.285                6.24            64rR3f14
  4349.014      26.0     4.214     -2.55                                        
  4349.016 606.01212     0.682    -3.925                6.24            53sR2103
  4349.018 606.01213     0.318    -1.848                6.24            20rR2e34
  4349.025 606.01212     0.692    -3.466                6.24            53rQ2108
  4349.032      23.1     6.461     -2.22                                        
  4349.032      41.0     1.531     -0.63                                        
  4349.042 606.01212     0.625    -3.697                6.24            42qQ2f26
  4349.059 606.01212     0.111    -6.833                6.24            20tR3111
  4349.067 606.01213     0.319    -1.861                6.24            20rR3e33
  4349.072      90.0     0.615     -1.19                                        
  4349.075 606.01212     0.433    -5.313                6.24            20qP2142
  4349.081      60.1     1.617     -0.07                                        
  4349.095 606.01212     0.615    -4.566                6.24            42qP3225
  4349.096 606.01212     0.343    -3.968                6.24            31rQ2117
  4349.104 606.01212     1.263    -0.960                6.24            75rR1e33
  4349.114      28.0     3.938     -2.44                                        
  4349.123 606.01213     0.319    -1.861                6.24            20rR3f33
  4349.137 606.01212     0.501    -7.801                6.24            42rP3109
  4349.138 606.01212     0.695    -1.492                6.24            53rR1e09
  4349.149 606.01212     1.263    -3.983                6.24            75rQ3232
  4349.154 606.01213     0.196    -5.292                6.24            20sR3223
  4349.160 606.01212     0.504    -3.622                6.24            42rQ2110
  4349.162 606.01212     0.433    -5.391                6.24            20qP3241
  4349.168 606.01212     0.808    -4.051                6.24            53qR1225
  4349.173 606.01212     0.809    -3.766                6.24            53qQ3f24
  4349.174 606.01212     0.509    -1.542                6.24            42rR2f10
  4349.192 606.01213     0.196    -5.207                6.24            20sR2124
  4349.198 606.01212     1.263    -0.974                6.24            75rR2f32
  4349.205 606.01212     0.433    -4.412                6.24            20qQ2e41
  4349.209      42.0     4.200     -0.58                                        
  4349.211 606.01212     0.908    -7.999                6.24            64rP3114
  4349.212 606.01212     0.615    -3.679                6.24            42qQ2e25
  4349.214 606.01212     0.687    -6.131                6.24            53rP3106
  4349.228 606.01212     0.615    -3.524                6.24            42qQ1f26
  4349.231 606.01212     0.308    -4.230                6.24            31sR3209
  4349.248 606.01212     0.798    -4.548                6.24            53qP2125
  4349.262 606.01212     0.625    -4.039                6.24            42qR1226
  4349.262 606.01212     1.121    -3.980                6.24            75sR3217
  4349.262 606.01213     0.597    -5.666                6.24            20qP2152
  4349.283      26.1     6.214     -3.71                                        
  4349.296 606.01212     0.625    -4.127                6.24            42qR2325
  4349.298 606.01213     0.196    -5.254                6.24            20sR3223
  4349.308 606.01212     0.433    -4.316                6.24            20qQ1f42
  4349.309 606.01212     0.809    -4.102                6.24            53qR2324
  4349.313 106.00113     0.347    -3.342               3.464            BX01Q015
  4349.320 606.01212     1.143    -4.220                6.24            64qP2138
  4349.324 606.01213     0.597    -5.749                6.24            20qP3251
  4349.326 106.00113     0.347    -5.072               3.464            BX01R015
  4349.341 606.01212     1.263    -0.986                6.24            75rR3e31
  4349.343 606.01212     0.799    -4.609                6.24            53qP3224
  4349.348 606.01212     0.684    -3.753                6.24            53sR3203
  4349.348 606.01213     0.597    -4.805                6.24            20qQ2e51
  4349.372      26.0     4.581     -2.43                                        
  4349.382 606.01212     0.914    -3.633                6.24            64rQ3214
  4349.419 606.01212     0.137    -7.064                6.24            20sQ3116
  4349.424 606.01212     0.487    -5.704                6.24            42sQ3103
  4349.438 606.01212     0.433    -5.057                6.24            20qR1241
  4349.438 606.01212     0.509    -1.573                6.24            42rR3e09
  4349.443 606.01212     0.505    -3.640                6.24            42rQ3209
  4349.448      27.0     4.501     -2.97                                        
  4349.454 606.01213     0.141    -7.565                6.24            20tR3117
  4349.459 606.01212     1.251    -7.167                6.24            75rP3132
  4349.475 606.01213     0.597    -4.724                6.24            20qQ1f52
  4349.476 606.01212     0.491    -4.070                6.24            42sR3204
  4349.478 606.01212     0.789    -4.515                6.24            53qP2124
  4349.486 606.01212     0.344    -3.962                6.24            31rQ3216
  4349.486 606.01212     0.501    -3.681                6.24            42rQ2109
  4349.486 606.01212     1.143    -4.291                6.24            64qP3237
  4349.488 606.01212     0.303    -6.217                6.24            31sQ3109
  4349.492 606.01212     0.693    -3.495                6.24            53rQ3207
  4349.496 606.01212     0.696    -1.538                6.24            53rR2f08
  4349.496 606.01212     1.143    -3.734                6.24            64qQ2e37
  4349.502 606.01212     0.798    -3.416                6.24            53qQ1e25
  4349.509 606.01212     1.143    -3.629                6.24            64qQ1f38
  4349.510 606.01213     0.141    -7.315                6.24            20tR3117
  4349.515 606.01212     0.433    -4.513                6.24            20qQ3f40
  4349.526 606.01212     0.209    -8.288                6.24            20rP3125
  4349.530 606.01212     0.615    -4.123                6.24            42qR1225
  4349.531 606.01212     0.914    -1.261                6.24            64rR1e15
  4349.536 606.01212     1.158    -4.284                6.24            64qP2139
  4349.539 606.01212     1.361    -6.416                6.24            86tR3125
  4349.542 606.01212     0.689    -3.454                6.24            53rQ2107
  4349.551 606.01212     0.873    -5.319                6.24            64tR3103
  4349.558 606.01212     0.433    -5.081                6.24            20qR2340
  4349.561 606.01213     0.597    -5.458                6.24            20qR1251
  4349.573 606.01212     1.158    -4.306                6.24            64qP3238
  4349.585 606.01212     0.615    -3.847                6.24            42qQ3f24
  4349.603 606.01212     0.881    -3.657                6.24            64sR2107
  4349.611 606.01212     0.343    -1.483                6.24            31rR1e17
  4349.616 606.01212     0.799    -3.757                6.24            53qQ3e23
  4349.619      23.0     1.798     -1.69                                        
  4349.625 607.01214     3.592    -5.578               7.724          1415Qc0255
  4349.633 606.01212     0.488    -3.933                6.24            42sR2104
  4349.642 606.01213     0.597    -4.890                6.24            20qQ3f50
  4349.642 607.01214     3.592    -2.392               7.724          1415Pb0255
  4349.649 606.01212     0.499    -4.896                6.24            31qP2133
  4349.661 606.01212     1.158    -3.644                6.24            64qQ1e39
  4349.665 606.01212     0.789    -4.627                6.24            53qP3223
  4349.665 606.01213     0.597    -5.469                6.24            20qR2350
  4349.686 606.01212     1.143    -4.042                6.24            64qR1237
  4349.690 606.01212     0.209    -4.483                6.24            20rQ2125
  4349.700 606.01212     0.914    -1.289                6.24            64rR2f14
  4349.701 606.01212     0.499    -4.925                6.24            31qP3232
  4349.702 606.01212     0.615    -4.171                6.24            42qR2324
  4349.702 606.01212     1.251    -3.989                6.24            75rQ3231
  4349.703      24.0     3.847     -3.44                                        
  4349.704      44.0     1.732     -0.49                                        
  4349.706 606.01212     0.137    -4.687                6.24            20sR2116
  4349.708      23.0     2.357     -3.68                                        
  4349.710 606.01212     0.799    -3.580                6.24            53qQ2f24
  4349.714 606.01212     1.158    -3.852                6.24            64qQ3e37
  4349.733 606.01212     1.251    -3.975                6.24            75rQ2132
  4349.742      72.0     3.071      0.06                                        
  4349.744 606.01212     0.498    -6.190                6.24            42rP3108
  4349.749 606.01212     0.908    -3.595                6.24            64rQ2114
  4349.751 606.01212     1.083    -5.874                6.24            75tR3111
  4349.757 606.01212     0.344    -1.508                6.24            31rR2f16
  4349.757 606.01212     0.685    -5.899                6.24            53rP3105
  4349.761 606.01212     0.697    -1.581                6.24            53rR3e07
  4349.765 606.01212     0.337    -8.980                6.24            31rP3116
  4349.768      58.1     0.529     -0.73                                 LAWLER 
  4349.778      27.0     3.927     -2.88                                        
  4349.787      25.0     3.133     -3.81                                        
  4349.789      58.1     0.700     -0.32                                 LAWLER 
  4349.812 606.01212     0.605    -4.626                6.24            42qP2125
  4349.816 606.01212     0.879    -5.288                6.24            64sQ3106
  4349.821 606.01212     1.158    -3.747                6.24            64qQ2f38
  4349.824 606.01212     0.789    -3.562                6.24            53qQ2e23
  4349.828 606.01212     0.499    -3.830                6.24            31qQ1e33
  4349.833 606.01212     0.681    -4.242                6.24            53sR2102
  4349.850 606.01212     0.683    -5.905                6.24            53rP3104
  4349.860      23.0     2.377     -4.71                                        
  4349.860 606.01212     0.789    -3.392                6.24            53qQ1f24
  4349.872 606.01212     0.915    -1.315                6.24            64rR3e13
  4349.876 606.01212     1.144    -3.845                6.24            64qQ3f36
  4349.886 606.01212     1.144    -4.065                6.24            64qR2336
  4349.887 106.00113     0.341    -4.409               3.464            BX01P015
  4349.887 606.01213     0.597    -5.741                6.24            20qP2152
  4349.890 106.00113     0.341    -3.341               3.464            BX01Q015
  4349.891 606.01212     0.692    -1.542                6.24            53rR1f08
  4349.892 606.01213     0.597    -5.751                6.24            20qP3251
  4349.894 606.01212     0.499    -4.083                6.24            31qQ3e31
  4349.895 606.01212     0.504    -1.534                6.24            42rR1f10
  4349.897 606.01212     0.344    -1.532                6.24            31rR3e15
  4349.900 606.01212     0.605    -4.680                6.24            42qP3224
  4349.907 606.01212     0.909    -3.625                6.24            64rQ3213
  4349.911 606.01212     1.251    -0.973                6.24            75rR1f32
  4349.922 106.00113     0.458    -1.909               3.464            AX11P075
  4349.924 606.01212     0.681    -6.165                6.24            53rP3102
  4349.927      21.0     1.849     -4.29                                        
  4349.946 606.01212     1.158    -3.974                6.24            64qR1238
  4349.962 606.01212     1.158    -4.043                6.24            64qR2337
  4349.964 606.01212     0.799    -4.003                6.24            53qR1224
  4349.965      23.1     2.034     -2.48                                        
  4349.976 606.01212     1.251    -0.987                6.24            75rR2e31
  4349.978 106.00113     0.458    -3.277               3.464            AX11Q075
  4349.980 606.01213     0.597    -4.725                6.24            20qQ1e52
  4349.982 606.01212     0.799    -4.104                6.24            53qR2323
  4349.983 606.01212     0.210    -4.478                6.24            20rQ3224
  4349.988 606.01212     0.137    -4.821                6.24            20sR3215
  4349.989 606.01213     0.597    -4.890                6.24            20qQ3e50
  4350.001 606.01212     0.499    -3.954                6.24            31qQ2f32
  4350.018 606.01212     1.114    -6.406                6.24            75sQ3117
  4350.045 606.01212     0.209    -1.677                6.24            20rR1e25
  4350.048 606.01212     0.903    -7.605                6.24            64rP3113
  4350.060 606.01212     0.605    -3.502                6.24            42qQ1e25
  4350.071      22.0     3.125     -4.05                                        
  4350.087 606.01212     0.595    -4.509                6.24            42qP2124
  4350.092 606.01213     0.305    -8.606                6.24            20rP3134
  4350.099      27.0     3.684     -2.35                                        
  4350.108 606.01213     0.305    -8.210                6.24            20rP3134
  4350.125 606.01213     0.597    -4.806                6.24            20qQ2f51
  4350.137 606.01212     0.293    -6.140                6.24            31tR3105
  4350.138      24.0     4.571     -2.14                                        
  4350.140 606.01212     1.251    -1.000                6.24            75rR3f30
  4350.141      26.0     4.280     -3.44                                        
  4350.147 606.01212     0.210    -1.695                6.24            20rR2f24
  4350.153 606.01212     0.780    -4.566                6.24            53qP2123
  4350.168 606.01212     0.505    -1.576                6.24            42rR2e09
  4350.171 106.00112     1.976    -4.750               3.464            AX44R225
  4350.171 606.01212     0.486    -4.829                6.24            31qP2132
  4350.180 606.01212     0.499    -4.436                6.24            31qR1232
  4350.180 606.01212     0.605    -3.838                6.24            42qQ3e23
  4350.181 606.01212     0.682    -5.775                6.24            53rP3103
  4350.186 606.01212     0.687    -3.431                6.24            53rQ2106
  4350.187 606.01212     0.790    -3.748                6.24            53qQ3f22
  4350.189 106.00113     1.789    -3.768               3.464            AX22R265
  4350.195 606.01212     0.499    -4.530                6.24            31qR2331
  4350.198 606.01212     0.303    -4.073                6.24            31sR2109
  4350.206 606.01212     0.789    -4.015                6.24            53qR1223
  4350.208 606.01212     0.882    -3.627                6.24            64sR3206
  4350.213 606.01213     0.305    -4.916                6.24            20rQ2134
  4350.218 606.01213     0.597    -5.399                6.24            20qR1251
  4350.220 606.01212     0.908    -1.287                6.24            64rR1f14
  4350.222 606.01213     0.597    -5.476                6.24            20qR2350
  4350.226 106.00113     1.789    -1.053               3.464            AX22Q275
  4350.236      20.0     5.923     -3.60                                        
  4350.246 106.00112     0.459    -1.908               3.464            AX11P075
  4350.258 606.01212     0.210    -1.712                6.24            20rR3e23
  4350.264 606.01212     0.780    -4.636                6.24            53qP3222
  4350.265 106.00113     0.458    -1.853               3.464            AX11P085
  4350.270 606.01212     0.337    -3.939                6.24            31rQ2116
  4350.272 606.01212     0.605    -3.665                6.24            42qQ2f24
  4350.276      24.0     3.077     -5.96                                        
  4350.276      25.1     5.414     -4.79                                        
  4350.277 106.00113     0.035    -4.315               3.464            AX00P035
  4350.283      41.0     1.094     -1.50                                        
  4350.284 606.01212     0.596    -4.609                6.24            42qP3223
  4350.287 606.01212     0.486    -4.937                6.24            31qP3231
  4350.293 606.01213     0.305    -4.924                6.24            20rQ3233
  4350.295 106.00112     0.459    -3.277               3.464            AX11Q075
  4350.298 606.01212     0.693    -1.592                6.24            53rR2e07
  4350.302 606.01212     0.486    -5.946                6.24            42sQ3102
  4350.309 606.01212     1.115    -4.232                6.24            64qP2136
  4350.325      56.0     1.566     -0.07                                        
  4350.331      42.0     1.420     -1.38                              NIST/B+   
  4350.334 106.00113     1.789    -1.056               3.464            AX22Q265
  4350.340 606.01212     0.337    -3.962                6.24            31rQ3215
  4350.347 606.01212     0.790    -4.072                6.24            53qR2322
  4350.353 606.01212     1.239    -6.875                6.24            75rP3131
  4350.363 606.01212     0.683    -3.823                6.24            53sR3202
  4350.365 606.01212     0.502    -3.602                6.24            42rQ3208
  4350.370 106.00113     1.789    -3.793               3.464            AX22P275
  4350.370 606.01212     0.772    -4.538                6.24            53qP2122
  4350.376 106.00112     1.723    -1.055               3.464            AX22Q265
  4350.386 606.01212     0.486    -3.940                6.24            31qQ2e31
  4350.399 606.01213     0.305    -4.913                6.24            20rQ2134
  4350.403 606.01212     0.506    -1.613                6.24            42rR3f08
  4350.408 606.01212     0.903    -3.588                6.24            64rQ2113
  4350.416 606.01212     1.239    -3.959                6.24            75rQ2131
  4350.421 106.00113     0.348    -4.778               3.464            BX01P025
  4350.423 606.01212     0.690    -3.429                6.24            53rQ3206
  4350.426 606.01212     0.596    -3.645                6.24            42qQ2e23
  4350.430 106.00113     0.035    -4.328               3.464            AX00P035
  4350.431 106.00113     0.458    -1.908               3.464            AX11P075
  4350.434 606.01212     0.595    -3.477                6.24            42qQ1f24
  4350.434 606.01212     1.114    -3.847                6.24            75sR2117
  4350.437 606.01212     0.780    -3.367                6.24            53qQ1e23
  4350.440 106.00112     1.723    -3.770               3.464            AX22R255
  4350.442 106.00113     0.348    -3.143               3.464            BX01Q025
  4350.445 606.01212     0.909    -1.319                6.24            64rR2e13
  4350.460 606.01213     0.305    -4.911                6.24            20rQ3233
  4350.466 606.01212     0.486    -3.812                6.24            31qQ1f32
  4350.470      62.1     0.484     -0.59                                 LAWLER 
  4350.472 106.00112     1.723    -3.743               3.464            AX22P265
  4350.480 606.01212     1.115    -4.309                6.24            64qP3235
  4350.486 106.00113     0.458    -3.291               3.464            AX11Q075
  4350.493 606.01212     1.129    -4.306                6.24            64qP2137
  4350.502 606.01212     1.115    -3.711                6.24            64qQ2e35
  4350.511 606.01212     1.115    -3.600                6.24            64qQ1f36
  4350.516 606.01213     0.305    -1.848                6.24            20rR1e34
  4350.516      72.1     2.870     -0.17                              DenHarto21
  4350.520 606.01212     0.605    -4.019                6.24            42qR1224
  4350.522 606.01212     0.495    -6.288                6.24            42rP3107
  4350.537 106.00112     1.723    -1.060               3.464            AX22Q255
  4350.537 606.01212     1.129    -4.331                6.24            64qP3236
  4350.552 606.01212     0.605    -4.114                6.24            42qR2323
  4350.563 606.01212     0.498    -3.591                6.24            42rQ2108
  4350.564 106.00112     0.035    -4.315               3.464            AX00P035
  4350.565 606.01212     0.781    -3.739                6.24            53qQ3e21
  4350.565 606.01213     0.305    -1.861                6.24            20rR2f33
  4350.574 606.01212     0.772    -4.659                6.24            53qP3221
  4350.578 606.01213     0.305    -1.848                6.24            20rR1f34
  4350.582      26.1     6.204     -3.94                                        
  4350.588 106.00112     0.459    -1.853               3.464            AX11P085
  4350.599 606.01212     0.899    -8.470                6.24            64rP3112
  4350.601 606.01213     0.305    -1.861                6.24            20rR2e33
  4350.603 606.01212     0.685    -3.439                6.24            53rQ2105
  4350.610 606.01212     0.689    -1.599                6.24            53rR1e07
  4350.618 606.01212     0.694    -1.641                6.24            53rR3f06
  4350.618 606.01212     0.876    -5.259                6.24            64sQ3105
  4350.628 606.01212     0.879    -3.674                6.24            64sR2106
  4350.631 606.01212     1.129    -3.615                6.24            64qQ1e37
  4350.633      20.0     5.979     -3.15                                        
  4350.643      23.0     2.573     -3.62                                        
  4350.645      27.0     3.189     -2.29                                        
  4350.647 106.00112     1.758    -9.148               3.464            CX15R125
  4350.654 606.01212     0.780    -3.545                6.24            53qQ2f22
  4350.654 606.01213     0.306    -1.874                6.24            20rR3e32
  4350.659      26.0     4.253     -3.16                                        
  4350.666      26.0     4.545     -3.00                                        
  4350.668 606.01213     0.187    -8.004                6.24            20sQ3123
  4350.673 606.01212     0.909    -1.347                6.24            64rR3f12
  4350.678 606.01212     1.239    -0.987                6.24            75rR1e31
  4350.681 606.01213     0.187    -7.802                6.24            20sQ3123
  4350.682 606.01212     0.486    -4.480                6.24            31qR1231
  4350.687 606.01212     1.115    -3.919                6.24            75sR3216
  4350.692 606.01212     1.129    -3.837                6.24            64qQ3e35
  4350.696 606.01213     0.578    -5.669                6.24            20qP2151
  4350.704 606.01212     1.115    -4.042                6.24            64qR1235
  4350.707 606.01212     0.872    -5.594                6.24            64tR3102
  4350.707 606.01213     0.306    -1.874                6.24            20rR3f32
  4350.708 606.01212     0.337    -1.508                6.24            31rR1f16
  4350.708 606.01212     0.487    -4.006                6.24            42sR2103
  4350.711 606.01212     0.487    -4.075                6.24            31qQ3f30
  4350.713 106.00112     0.035    -4.328               3.464            AX00P035
  4350.713 606.01212     0.304    -4.151                6.24            31sR3208
  4350.714 606.01212     0.502    -1.764                6.24            42rR2f08
  4350.716 606.01212     0.492    -5.441                6.24            42rP3106
  4350.716 606.01212     1.239    -3.956                6.24            75rQ3230
  4350.722 106.00113     0.458    -1.853               3.464            AX11P085
  4350.730      67.0     0.000     -0.45                                        
  4350.736      20.0     5.979     -3.02                                        
  4350.752 106.00113     0.358    -3.144               3.464            BX01Q025
  4350.753 106.00112     0.460    -1.908               3.464            AX11P075
  4350.759 606.01213     0.578    -5.754                6.24            20qP3250
  4350.760 606.01212     0.772    -3.526                6.24            53qQ2e21
  4350.769 106.00113     0.358    -5.173               3.464            BX01R025
  4350.773 606.01212     0.596    -4.104                6.24            42qR1223
  4350.779 606.01212     1.239    -1.001                6.24            75rR2f30
  4350.780 606.01212     0.417    -5.414                6.24            20qP2141
  4350.785 606.01212     0.772    -3.341                6.24            53qQ1f22
  4350.787 606.01212     0.417    -5.442                6.24            20qP3240
  4350.787 606.01213     0.578    -4.797                6.24            20qQ2e50
  4350.795 606.01212     1.129    -3.724                6.24            64qQ2f36
  4350.797 106.00112     1.306    -3.844               3.464            AX44R055
  4350.803 606.01212     0.596    -3.829                6.24            42qQ3f22
  4350.807      23.0     0.267     -2.41                               LAWNOHFS 
  4350.808 106.00112     0.460    -3.291               3.464            AX11Q075
  4350.808 606.01212     0.200    -9.161                6.24            20rP3124
  4350.811 606.01212     0.487    -4.511                6.24            31qR2330
  4350.814      26.0     4.175     -2.36                                        
  4350.819      62.0     0.185     -1.12                                        
  4350.821 606.01212     0.331    -9.409                6.24            31rP3115
  4350.838      22.1     2.060     -1.70                                 LAWLER 
  4350.840      23.1     1.674     -3.80                                        
  4350.846 606.01212     0.337    -1.535                6.24            31rR2e15
  4350.866 606.01212     0.688    -3.451                6.24            53rQ3205
  4350.874 606.01213     0.187    -5.148                6.24            20sR2123
  4350.884 606.01212     1.116    -3.829                6.24            64qQ3f34
  4350.894      24.0     3.090     -2.60                                        
  4350.895 106.00113     0.975    -2.561               3.464            AX33Q015
  4350.906 606.01212     1.116    -4.067                6.24            64qR2334
  4350.911 606.01212     0.417    -4.304                6.24            20qQ1e41
  4350.911 606.01212     0.586    -4.675                6.24            42qP2123
  4350.913 606.01213     0.578    -4.714                6.24            20qQ1f51
  4350.919 606.01212     0.904    -3.580                6.24            64rQ3212
  4350.925 606.01212     0.417    -4.506                6.24            20qQ3e39
  4350.926 606.01212     1.240    -1.015                6.24            75rR3e29
  4350.927 606.01212     0.300    -5.966                6.24            31sQ3108
  4350.932 606.01212     1.129    -3.967                6.24            64qR1236
  4350.933 106.00113     0.975    -2.559               3.464            AX33Q015
  4350.938 606.01212     0.780    -3.966                6.24            53qR1222
  4350.944 606.01212     0.596    -4.158                6.24            42qR2322
  4350.950 606.01212     1.129    -4.040                6.24            64qR2335
  4350.956 606.01212     0.781    -4.073                6.24            53qR2321
  4350.960 606.01212     0.490    -3.948                6.24            42sR3203
  4350.962 106.00112     1.306    -3.825               3.464            AX44R055
  4350.966      26.0     4.581     -2.48                                        
  4350.972 106.00112     0.348    -3.342               3.464            BX01Q015
  4350.976      26.0     3.632     -3.94                                        
  4350.978 606.01212     0.763    -4.591                6.24            53qP2121
  4350.984 106.00112     0.348    -5.071               3.464            BX01R015
  4350.987      69.1     2.604     -0.37                                        
  4350.989      21.0     2.108     -3.40                                        
  4350.990      26.0     3.299     -3.60                                        
  4351.003 606.01213     0.578    -5.453                6.24            20qR1250
  4351.005 606.01212     1.228    -7.178                6.24            75rP3130
  4351.010 606.01212     0.131    -7.190                6.24            20sQ3115
  4351.013 606.01212     0.587    -4.736                6.24            42qP3222
  4351.015 606.01212     0.498    -3.592                6.24            42rQ3207
  4351.045 606.01212     0.338    -1.561                6.24            31rR3f14
  4351.045 606.01213     0.187    -5.275                6.24            20sR3222
  4351.050      24.0     0.968     -1.43                                 SOBECK 
  4351.051 106.00112     0.460    -1.853               3.464            AX11P085
  4351.063 606.01212     0.903    -1.321                6.24            64rR1e13
  4351.064 606.01213     0.187    -5.186                6.24            20sR2123
  4351.065 606.01212     0.417    -4.403                6.24            20qQ2f40
  4351.069 606.01212     0.690    -1.655                6.24            53rR2f06
  4351.076 606.01212     0.107    -7.028                6.24            20tR3110
  4351.080 606.01213     0.578    -4.883                6.24            20qQ3f49
  4351.089 606.01212     0.683    -3.455                6.24            53rQ2104
  4351.091      26.1     6.221     -4.73                                        
  4351.105      23.1     6.551     -4.68                                        
  4351.106 606.01212     0.764    -4.670                6.24            53qP3220
  4351.108 606.01213     0.578    -5.464                6.24            20qR2349
  4351.128 606.01212     0.772    -3.731                6.24            53qQ3f20
  4351.137 606.01212     0.200    -4.478                6.24            20rQ3223
  4351.145 606.01212     0.331    -3.921                6.24            31rQ2115
  4351.148 606.01212     0.502    -1.709                6.24            42rR3e07
  4351.164 606.01212     0.578    -4.547                6.24            42qP2122
  4351.164 606.01212     1.352    -6.639                6.24            86tR3124
  4351.168      24.0     3.102     -3.60                                        
  4351.174 606.01212     0.772    -3.973                6.24            53qR1221
  4351.176 606.01212     0.756    -4.569                6.24            53qP2120
  4351.178 606.01213     0.187    -5.237                6.24            20sR3222
  4351.179 606.01212     0.899    -3.552                6.24            64rQ2112
  4351.180      69.1     1.086     -1.94                                 LAWLER 
  4351.191 606.01212     0.586    -3.454                6.24            42qQ1e23
  4351.195 106.00113     0.975    -2.667               3.464            AX33R015
  4351.196 606.01212     0.417    -4.980                6.24            20qR1240
  4351.199 606.01212     0.495    -3.574                6.24            42rQ2107
  4351.202 606.01212     0.200    -4.463                6.24            20rQ2124
  4351.203 606.01212     0.417    -5.056                6.24            20qR2339
  4351.233 106.00113     0.975    -2.670               3.464            AX33R015
  4351.260 606.01212     1.089    -4.244                6.24            64qP2134
  4351.271 606.01212     1.228    -3.961                6.24            75rQ3229
  4351.275 106.00113     0.339    -3.789               3.464            BX01Q005
  4351.279 606.01212     0.904    -1.355                6.24            64rR2f12
  4351.280      60.1     0.182     -0.61                                 LAWLER 
  4351.286 606.01212     0.501    -1.796                6.24            42rR1e09
  4351.289 606.01212     1.108    -6.203                6.24            75sQ3116
  4351.291 606.01212     1.228    -3.947                6.24            75rQ2130
  4351.297 606.01212     0.763    -3.314                6.24            53qQ1e21
  4351.300 606.01213     0.578    -5.743                6.24            20qP2151
  4351.304 606.01212     0.687    -1.666                6.24            53rR1f06
  4351.307 606.01213     0.578    -5.754                6.24            20qP3250
  4351.307      77.0     2.298     -1.61                                        
  4351.308      28.0     3.938     -2.92                                        
  4351.314 606.01212     0.772    -4.036                6.24            53qR2320
  4351.322 606.01212     0.587    -3.821                6.24            42qQ3e21
  4351.329 606.01212     0.474    -4.913                6.24            31qP2131
  4351.336      23.1     1.803     -4.55                                        
  4351.368 606.01212     0.894    -7.211                6.24            64rP3111
  4351.369 106.00112     0.978    -2.561               3.464            AX33Q015
  4351.369      26.0     3.414     -2.52                                        
  4351.374 606.01212     0.682    -3.531                6.24            53rQ2103
  4351.377 606.01212     0.578    -4.658                6.24            42qP3221
  4351.388 606.01212     0.474    -4.946                6.24            31qP3230
  4351.390 606.01212     0.490    -6.418                6.24            42rP3105
  4351.390 606.01212     0.691    -1.710                6.24            53rR3e05
  4351.397 606.01213     0.578    -4.715                6.24            20qQ1e51
  4351.401 606.01212     1.079    -6.014                6.24            75tR3110
  4351.402 606.01212     0.756    -4.701                6.24            53qP3219
  4351.408      20.0     5.923     -2.30                                        
  4351.408 606.01213     0.578    -4.883                6.24            20qQ3e49
  4351.409 106.00112     0.978    -2.559               3.464            AX33Q015
  4351.410 606.01212     0.587    -3.631                6.24            42qQ2f22
  4351.418 606.01212     1.102    -4.328                6.24            64qP2135
  4351.420 106.00113     0.125    -1.866               3.464            AX00P075
  4351.433 106.00113     0.985    -2.120               3.464            AX33Q025
  4351.434 606.01212     0.899    -3.577                6.24            64rQ3211
  4351.436 606.01212     1.089    -4.326                6.24            64qP3233
  4351.442 606.01212     0.764    -3.721                6.24            53qQ3e19
  4351.464 606.01212     0.401    -5.324                6.24            20qP2140
  4351.469 606.01212     1.102    -4.355                6.24            64qP3234
  4351.471 606.01212     1.089    -3.687                6.24            64qQ2e33
  4351.475 606.01212     1.089    -3.569                6.24            64qQ1f34
  4351.476 106.00113     0.125    -3.258               3.464            AX00Q075
  4351.477 606.01212     0.300    -4.034                6.24            31sR2108
  4351.481 606.01212     0.880    -3.615                6.24            64sR3205
  4351.484 606.01212     0.904    -1.383                6.24            64rR3e11
  4351.485 606.01212     1.228    -1.001                6.24            75rR1f30
  4351.487 606.01212     0.200    -1.694                6.24            20rR1f24
  4351.489 106.00113     0.358    -4.987               3.464            BX01P035
  4351.500 606.01212     0.498    -1.626                6.24            42rR1f08
  4351.507 106.00113     0.358    -3.009               3.464            BX01Q035
  4351.510 106.00113     0.985    -2.119               3.464            AX33Q025
  4351.518 606.01212     0.486    -4.364                6.24            42sR2102
  4351.519 606.01212     0.488    -6.172                6.24            42rP3104
  4351.521 606.01212     1.108    -3.813                6.24            75sR2116
  4351.525 606.01212     0.474    -3.796                6.24            31qQ1e31
  4351.525 606.01212     0.764    -3.508                6.24            53qQ2f20
  4351.525      76.0     2.342     -0.88                                        
  4351.539 606.01212     0.131    -4.695                6.24            20sR2115
  4351.540 606.01212     0.200    -1.713                6.24            20rR2e23
  4351.543 606.01213     0.578    -4.798                6.24            20qQ2f50
  4351.544      26.0     2.988     -1.64                                  BEL17 
  4351.544 606.01212     0.578    -3.427                6.24            42qQ1f22
  4351.546 606.01212     0.578    -3.609                6.24            42qQ2e21
  4351.550 106.00112     0.342    -4.409               3.464            BX01P015
  4351.553 606.01212     0.401    -5.406                6.24            20qP3239
  4351.558 606.01212     1.228    -1.015                6.24            75rR2e29
  4351.560 106.00112     0.342    -3.341               3.464            BX01Q015
  4351.569 606.01212     1.102    -3.585                6.24            64qQ1e35
  4351.573      41.0     1.094     -0.63                                        
  4351.575 606.01212     0.332    -3.915                6.24            31rQ3214
  4351.599 606.01212     0.474    -4.066                6.24            31qQ3e29
  4351.599 606.01212     0.486    -6.290                6.24            42rP3102
  4351.605 606.01212     0.875    -5.009                6.24            64sQ3104
  4351.607 606.01212     0.401    -4.391                6.24            20qQ2e39
  4351.608      24.0     3.885     -1.25                                        
  4351.614 606.01212     0.683    -4.005                6.24            53sR3201
  4351.619 606.01212     0.756    -3.487                6.24            53qQ2e19
  4351.627      68.0     0.889     -0.57                                        
  4351.631 606.01212     0.756    -3.284                6.24            53qQ1f20
  4351.632 106.00113     0.985    -2.822               3.464            AX33R025
  4351.632 606.01213     0.292    -8.622                6.24            20rP3133
  4351.640 606.01212     1.102    -3.821                6.24            64qQ3e33
  4351.640 606.01213     0.578    -5.395                6.24            20qR1250
  4351.644 606.01213     0.578    -5.472                6.24            20qR2349
  4351.651 606.01212     0.200    -1.730                6.24            20rR3f22
  4351.651 606.01213     0.292    -8.218                6.24            20rP3133
  4351.655 606.01212     0.681    -3.708                6.24            53rQ2102
  4351.656 606.01212     0.291    -6.362                6.24            31tR3104
  4351.669 106.00112     0.978    -2.666               3.464            AX33R015
  4351.686 606.01212     1.089    -4.040                6.24            64qR1233
  4351.689 606.01212     0.325    -8.128                6.24            31rP3114
  4351.690 606.01212     0.587    -3.992                6.24            42qR1222
  4351.703 606.01212     0.474    -3.927                6.24            31qQ2f30
  4351.709 106.00112     0.978    -2.670               3.464            AX33R015
  4351.709 606.01212     0.401    -4.290                6.24            20qQ1f40
  4351.711 106.00113     0.985    -2.827               3.464            AX33R025
  4351.711 606.01212     0.331    -1.535                6.24            31rR1e15
  4351.711 606.01212     0.894    -3.587                6.24            64rQ2111
  4351.712 106.00112     0.125    -1.866               3.464            AX00P075
  4351.713 606.01213     0.135    -7.529                6.24            20tR3116
  4351.718 606.01212     0.748    -4.627                6.24            53qP2119
  4351.719 606.01212     0.587    -4.094                6.24            42qR2321
  4351.719 606.01212     0.686    -3.390                6.24            53rQ3204
  4351.726      23.0     2.357     -2.89                                        
  4351.727 606.01212     1.228    -1.029                6.24            75rR3f28
  4351.738 606.01212     1.102    -3.701                6.24            64qQ2f34
  4351.749 606.01212     0.876    -3.661                6.24            64sR2105
  4351.749 606.01212     0.899    -1.363                6.24            64rR1f12
  4351.762      26.1     2.704     -1.95                                 LAWLER 
  4351.762 606.01212     0.131    -4.767                6.24            20sR3214
  4351.762 606.01213     0.292    -4.903                6.24            20rQ2133
  4351.763      24.0     1.029     -0.48                                 SOBECK 
  4351.766 106.00112     0.125    -3.258               3.464            AX00Q075
  4351.773 106.00113     0.125    -1.811               3.464            AX00P085
  4351.773 606.01213     0.135    -7.282                6.24            20tR3116
  4351.778      22.0     3.164     -3.01                                        
  4351.796      23.0     2.606     -3.57                                        
  4351.811      24.0     1.029     -0.44                                        
  4351.832 606.01212     0.462    -4.846                6.24            31qP2130
  4351.834 606.01212     0.498    -1.681                6.24            42rR2e07
  4351.838      26.0     4.151     -2.07                                        
  4351.838 606.01212     0.688    -1.727                6.24            53rR2e05
  4351.840      59.1     0.216      0.03                                LINOHFS 
  4351.843 606.01213     0.293    -4.912                6.24            20rQ3232
  4351.845 606.01212     0.764    -3.923                6.24            53qR1220
  4351.852 606.01212     0.401    -5.043                6.24            20qR1239
  4351.854 606.01212     1.089    -3.813                6.24            64qQ3f32
  4351.855 606.01212     0.890    -7.316                6.24            64rP3110
  4351.859 606.01212     0.487    -5.791                6.24            42rP3103
  4351.861 606.01212     0.764    -4.037                6.24            53qR2319
  4351.868 606.01212     0.749    -4.718                6.24            53qP3218
  4351.869      26.0     4.581     -3.13                                        
  4351.889 606.01212     1.089    -4.068                6.24            64qR2332
  4351.889 606.01212     1.102    -3.955                6.24            64qR1234
  4351.891 606.01212     1.217    -6.883                6.24            75rP3129
  4351.893 606.01212     1.108    -3.942                6.24            75sR3215
  4351.894 606.01212     0.741    -4.614                6.24            53qP2118
  4351.899 606.01212     0.474    -4.416                6.24            31qR1230
  4351.902 606.01212     0.332    -1.564                6.24            31rR2f14
  4351.904 106.00113     0.997    -1.919               3.464            AX33Q035
  4351.906      12.0     4.343     -0.83                                        
  4351.909 606.01212     1.102    -4.033                6.24            64qR2333
  4351.910 606.01212     0.570    -4.734                6.24            42qP2121
  4351.911 106.00112     0.988    -2.120               3.464            AX33Q025
  4351.913 106.00113     0.976    -2.932               3.464            AX33P025
  4351.914 606.01212     0.474    -4.516                6.24            31qR2329
  4351.917 606.01212     0.401    -4.498                6.24            20qQ3f38
  4351.927 606.01212     0.578    -3.812                6.24            42qQ3f20
  4351.927 606.01212     0.578    -4.080                6.24            42qR1221
  4351.939 106.00113     0.976    -2.930               3.464            AX33P025
  4351.946 606.01213     0.292    -4.900                6.24            20rQ2133
  4351.948 106.00113     0.125    -1.866               3.464            AX00P075
  4351.953      26.0     4.581     -2.40                                        
  4351.955 606.01212     0.462    -4.962                6.24            31qP3229
  4351.966 606.01212     0.685    -1.747                6.24            53rR1e05
  4351.970 606.01212     1.217    -3.930                6.24            75rQ2129
  4351.971 606.01212     0.401    -5.069                6.24            20qR2338
  4351.977 606.01212     0.492    -3.514                6.24            42rQ2106
  4351.995 106.00112     0.988    -2.119               3.464            AX33Q025
  4351.995 606.01212     0.756    -3.714                6.24            53qQ3f18
  4352.003 106.00113     0.125    -3.272               3.464            AX00Q075
  4352.010      26.0     4.581     -1.55                                        
  4352.013 606.01212     0.899    -1.398                6.24            64rR2e11
  4352.013 606.01213     0.293    -4.898                6.24            20rQ3232
  4352.020 606.01212     0.489    -3.939                6.24            42sR3202
  4352.029 606.01212     0.570    -4.802                6.24            42qP3220
  4352.040 106.00113     0.997    -1.918               3.464            AX33Q035
  4352.044      26.0     2.756     -4.48                                        
  4352.050 606.01212     0.496    -3.539                6.24            42rQ3206
  4352.053 106.00113     0.997    -2.935               3.464            AX33R035
  4352.054 606.01212     0.297    -6.035                6.24            31sQ3107
  4352.055 606.01212     0.684    -3.450                6.24            53rQ3203
  4352.057      24.0     2.965     -5.44                                        
  4352.064 606.01212     0.332    -1.591                6.24            31rR3e13
  4352.066 106.00112     0.126    -1.811               3.464            AX00P085
  4352.071 606.01212     0.462    -3.913                6.24            31qQ2e29
  4352.073 606.01212     0.756    -3.924                6.24            53qR1219
  4352.074 606.01213     0.292    -1.861                6.24            20rR1e33
  4352.081 606.01212     0.748    -3.254                6.24            53qQ1e19
  4352.085      26.0     4.603     -2.36                                        
  4352.086 106.00112     0.349    -4.778               3.464            BX01P025
  4352.097 606.01212     0.578    -4.139                6.24            42qR2320
  4352.100 106.00112     0.349    -3.143               3.464            BX01Q025
  4352.100      62.1     0.484     -0.60                                 LAWLER 
  4352.103      25.0     4.682     -2.70                                        
  4352.106 606.01213     0.559    -5.672                6.24            20qP2150
  4352.114 106.00112     0.988    -2.822               3.464            AX33R025
  4352.121 106.00113     0.985    -2.975               3.464            AX33P035
  4352.125 606.01213     0.293    -1.874                6.24            20rR2f32
  4352.128      21.0     2.292     -0.72                                        
  4352.132 606.01213     0.292    -1.861                6.24            20rR1f33
  4352.135 606.01212     0.499    -1.726                6.24            42rR3f06
  4352.135 606.01212     0.562    -4.592                6.24            42qP2120
  4352.146 606.01212     0.741    -4.758                6.24            53qP3217
  4352.147 606.01212     0.462    -3.777                6.24            31qQ1f30
  4352.156 606.01212     0.191    -8.409                6.24            20rP3123
  4352.158 606.01213     0.293    -1.874                6.24            20rR2e32
  4352.166 606.01212     1.064    -4.253                6.24            64qP2132
  4352.170 606.01213     0.559    -5.758                6.24            20qP3249
  4352.182 106.00113     0.985    -2.972               3.464            AX33P035
  4352.185 106.00113     0.997    -2.941               3.464            AX33R035
  4352.186      23.0     2.682     -2.73                                        
  4352.192 606.01212     0.301    -4.164                6.24            31sR3207
  4352.194 106.00112     0.988    -2.827               3.464            AX33R025
  4352.201 606.01213     0.559    -4.789                6.24            20qQ2e49
  4352.212 106.00113     0.976    -2.195               3.464            AX33Q025
  4352.212 606.01212     0.756    -3.996                6.24            53qR2318
  4352.215 606.01213     0.293    -1.887                6.24            20rR3e31
  4352.228 606.01212     0.570    -3.400                6.24            42qQ1e21
  4352.231 606.01212     0.689    -1.791                6.24            53rR3f04
  4352.235 606.01212     0.873    -5.060                6.24            64sQ3103
  4352.239 106.00113     0.976    -2.196               3.464            AX33Q025
  4352.245 106.00112     0.126    -1.866               3.464            AX00P075
  4352.245 606.01212     0.749    -3.705                6.24            53qQ3e17
  4352.247 606.01212     0.325    -3.890                6.24            31rQ2114
  4352.248 106.00113     0.125    -1.811               3.464            AX00P085
  4352.250 606.01212     1.217    -1.015                6.24            75rR1e29
  4352.266 606.01213     0.293    -1.887                6.24            20rR3f31
  4352.267 106.00112     1.796    -3.768               3.464            AX22R265
  4352.274 606.01212     0.490    -3.542                6.24            42rQ2105
  4352.280 606.01212     1.217    -3.928                6.24            75rQ3228
  4352.288 606.01212     0.900    -1.422                6.24            64rR3f10
  4352.300 106.00112     0.126    -3.272               3.464            AX00Q075
  4352.306 606.01212     1.076    -4.352                6.24            64qP2133
  4352.309 106.00113     0.727    -2.148               3.464            AX22P055
  4352.318      26.0     3.692     -4.18                                        
  4352.319      39.0     1.397     -0.89                                        
  4352.321 606.01212     0.749    -3.467                6.24            53qQ2f18
  4352.324 106.00113     0.985    -1.943               3.464            AX33Q035
  4352.327 606.01213     0.559    -4.704                6.24            20qQ1f50
  4352.332 106.00112     1.796    -1.053               3.464            AX22Q275
  4352.344 606.01212     0.191    -4.449                6.24            20rQ2123
  4352.350 606.01212     1.064    -4.341                6.24            64qP3231
  4352.351 606.01212     0.495    -1.697                6.24            42rR1e07
  4352.359 606.01212     1.217    -1.030                6.24            75rR2f28
  4352.363 106.00112     1.796    -1.055               3.464            AX22Q265
  4352.365 606.01212     1.077    -4.382                6.24            64qP3232
  4352.368 606.01212     0.326    -3.915                6.24            31rQ3213
  4352.368 606.01212     0.735    -4.680                6.24            53qP2117
  4352.369 606.01212     0.493    -3.651                6.24            42rQ3205
  4352.369 606.01212     0.562    -4.716                6.24            42qP3219
  4352.372 606.01212     0.570    -3.804                6.24            42qQ3e19
  4352.384 106.00113     0.985    -1.944               3.464            AX33Q035
  4352.386 606.01212     0.462    -4.457                6.24            31qR1229
  4352.391      20.0     5.951     -4.65                                        
  4352.393 606.01212     0.895    -3.524                6.24            64rQ3210
  4352.394 606.01212     1.064    -3.536                6.24            64qQ1f32
  4352.396 106.00112     0.979    -2.932               3.464            AX33P025
  4352.396 606.01212     0.741    -3.221                6.24            53qQ1f18
  4352.397 606.01212     1.064    -3.662                6.24            64qQ2e31
  4352.398 106.00112     1.000    -1.918               3.464            AX33Q035
  4352.398 606.01212     0.463    -4.058                6.24            31qQ3f28
  4352.400      39.0     1.355     -2.12                                        
  4352.400 606.01212     0.741    -3.444                6.24            53qQ2e17
  4352.416 106.00113     0.727    -3.213               3.464            AX22Q055
  4352.421 106.00112     0.979    -2.930               3.464            AX33P025
  4352.422 606.01213     0.559    -5.447                6.24            20qR1249
  4352.428 106.00112     0.359    -3.143               3.464            BX01Q025
  4352.428 106.00112     1.796    -3.793               3.464            AX22P275
  4352.431 106.00113     1.013    -1.788               3.464            AX33Q045
  4352.433 106.00113     0.998    -3.047               3.464            AX33P045
  4352.436 106.00112     0.359    -5.172               3.464            BX01R025
  4352.455 606.01212     0.570    -3.594                6.24            42qQ2f20
  4352.467 106.00113     0.371    -3.009               3.464            BX01Q035
  4352.471      24.0     3.085     -3.84                                        
  4352.472 606.01212     1.076    -3.553                6.24            64qQ1e33
  4352.492 106.00113     0.371    -5.248               3.464            BX01R035
  4352.495 606.01213     0.559    -4.877                6.24            20qQ3f48
  4352.500 606.01213     0.178    -7.947                6.24            20sQ3122
  4352.511 606.01212     1.217    -1.045                6.24            75rR3e27
  4352.513 606.01212     1.102    -6.266                6.24            75sQ3115
  4352.515 606.01212     0.463    -4.493                6.24            31qR2328
  4352.516 606.01212     0.728    -4.683                6.24            53qP2116
  4352.522 606.01213     0.178    -7.747                6.24            20sQ3122
  4352.526 606.01213     0.559    -5.460                6.24            20qR2348
  4352.536 106.00112     1.000    -1.918               3.464            AX33Q035
  4352.536 106.00113     1.013    -3.025               3.464            AX33R045
  4352.541 106.00112     1.000    -2.935               3.464            AX33R035
  4352.542 606.01212     1.206    -7.194                6.24            75rP3128
  4352.543 106.00113     0.998    -3.042               3.464            AX33P045
  4352.543 606.01212     0.887    -6.825                6.24            64rP3109
  4352.546 106.00112     0.126    -1.811               3.464            AX00P085
  4352.547 606.01212     0.735    -4.786                6.24            53qP3216
  4352.553 606.01212     1.077    -3.804                6.24            64qQ3e31
  4352.554 606.01212     0.562    -3.370                6.24            42qQ1f20
  4352.564      72.0     1.113     -1.50                                        
  4352.565 606.01212     0.686    -1.816                6.24            53rR2f04
  4352.571 606.01212     0.562    -3.570                6.24            42qQ2e19
  4352.571      77.0     2.361     -1.55                                        
  4352.576 106.00113     0.998    -1.800               3.464            AX33Q045
  4352.577      26.0     4.442     -3.62                                        
  4352.588 606.01212     0.878    -3.553                6.24            64sR3204
  4352.596 606.01212     0.683    -1.850                6.24            53rR1f04
  4352.597 106.00113     0.727    -2.148               3.464            AX22P055
  4352.606 106.00112     0.988    -2.975               3.464            AX33P035
  4352.607      24.1     3.906     -3.26                                        
  4352.625 606.01212     1.064    -4.036                6.24            64qR1231
  4352.631 106.00113     1.013    -1.788               3.464            AX33Q045
  4352.646 606.01212     1.077    -3.676                6.24            64qQ2f32
  4352.651 606.01212     0.191    -4.443                6.24            20rQ3222
  4352.668 106.00112     0.988    -2.972               3.464            AX33P035
  4352.670 606.01212     0.875    -3.699                6.24            64sR2104
  4352.674      22.0     2.266     -1.54                                 LAWLER 
  4352.677 106.00112     1.000    -2.941               3.464            AX33R035
  4352.680      90.1     1.547     -0.94                                        
  4352.681 606.01212     0.320    -8.592                6.24            31rP3113
  4352.684 606.01212     0.749    -3.874                6.24            53qR1218
  4352.686 106.00113     0.998    -1.800               3.464            AX33Q045
  4352.689 106.00112     1.978    -4.688               3.464            AX44R225
  4352.690 606.01213     0.559    -5.745                6.24            20qP2150
  4352.694 106.00112     0.729    -2.148               3.464            AX22P055
  4352.694 106.00112     0.979    -2.195               3.464            AX33Q025
  4352.698 606.01212     0.749    -3.995                6.24            53qR2317
  4352.698 606.01213     0.559    -5.757                6.24            20qP3249
  4352.702      39.0     2.056     -0.24                                        
  4352.704      20.0     5.951     -6.55                                        
  4352.707 106.00113     0.727    -3.224               3.464            AX22Q055
  4352.707      58.1     0.600     -0.25                                 LAWLER 
  4352.720 106.00112     0.979    -2.196               3.464            AX33Q025
  4352.728 606.01212     0.496    -1.748                6.24            42rR2f06
  4352.728 606.01213     0.178    -5.127                6.24            20sR2122
  4352.733 606.01212     0.191    -1.712                6.24            20rR1e23
  4352.734 106.00113     1.013    -3.032               3.464            AX33R045
  4352.734 606.01212     0.125    -6.912                6.24            20sQ3114
  4352.735      26.0     2.221     -1.26                                        
  4352.736 606.01212     0.895    -1.491                6.24            64rR2f10
  4352.751 606.01212     0.890    -3.616                6.24            64rQ2110
  4352.754 606.01212     0.325    -1.564                6.24            31rR1f14
  4352.769 606.01212     0.683    -3.435                6.24            53rQ3202
  4352.770 606.01212     0.894    -1.665                6.24            64rR1e11
  4352.773 606.01212     0.570    -3.956                6.24            42qR1220
  4352.785 606.01212     0.735    -3.186                6.24            53qQ1e17
  4352.785 606.01212     0.742    -3.699                6.24            53qQ3f16
  4352.785 606.01212     1.064    -3.796                6.24            64qQ3f30
  4352.787 106.00113     0.727    -2.069               3.464            AX22P065
  4352.791 606.01213     0.559    -4.705                6.24            20qQ1e50
  4352.798 606.01212     0.570    -4.067                6.24            42qR2319
  4352.802 106.00112     0.729    -3.213               3.464            AX22Q055
  4352.803 606.01213     0.559    -4.877                6.24            20qQ3e48
  4352.804 606.01212     0.488    -3.538                6.24            42rQ2104
  4352.804 606.01212     0.554    -4.809                6.24            42qP2119
  4352.805 106.00112     0.988    -1.943               3.464            AX33Q035
  4352.805 606.01212     0.729    -4.844                6.24            53qP3215
  4352.810 606.01212     0.191    -1.731                6.24            20rR2f22
  4352.811 606.01212     0.681    -3.692                6.24            53qP2102
  4352.812 606.01212     1.077    -3.939                6.24            64qR1232
  4352.832 606.01212     1.064    -4.067                6.24            64qR2330
  4352.834 606.01212     1.077    -4.021                6.24            64qR2331
  4352.836 606.01212     1.206    -3.933                6.24            75rQ3227
  4352.843 606.01212     1.206    -3.918                6.24            75rQ2128
  4352.853 106.00113     1.013    -3.115               3.464            AX33P055
  4352.863 606.01212     1.344    -6.371                6.24            86tR3123
  4352.865      23.0     0.069     -0.76                               LAWNOHFS 
  4352.869 106.00112     0.988    -1.944               3.464            AX33Q035
  4352.874      42.0     2.474     -2.36                                        
  4352.877 606.01212     0.891    -3.525                6.24            64rQ3209
  4352.884 606.01212     0.297    -4.027                6.24            31sR2107
  4352.899 606.01212     0.683    -3.637                6.24            53rQ3201
  4352.902 606.01212     0.741    -3.869                6.24            53qR1217
  4352.905 606.01212     0.451    -4.930                6.24            31qP2129
  4352.908 606.01213     0.178    -5.164                6.24            20sR2122
  4352.910 606.01213     0.178    -5.257                6.24            20sR3221
  4352.922 606.01212     0.722    -4.766                6.24            53qP2115
  4352.924 106.00112     1.000    -3.046               3.464            AX33P045
  4352.927 606.01212     0.191    -1.750                6.24            20rR3e21
  4352.927 606.01212     0.326    -1.594                6.24            31rR2e13
  4352.929 106.00112     1.016    -1.788               3.464            AX33Q045
  4352.931 606.01212     0.884    -6.857                6.24            64rP3108
  4352.938 606.01213     0.559    -4.790                6.24            20qQ2f49
  4352.947 606.01212     0.555    -4.887                6.24            42qP3218
  4352.956 106.00113     1.013    -1.699               3.464            AX33Q055
  4352.958 106.00112     0.340    -3.788               3.464            BX01Q005
  4352.958 606.01212     0.562    -3.795                6.24            42qQ3f18
  4352.968 606.01212     1.102    -3.799                6.24            75sR2115
  4352.972 606.01212     0.451    -4.969                6.24            31qP3228
  4352.972 606.01212     0.735    -3.691                6.24            53qQ3e15
  4352.982 606.01212     0.687    -1.891                6.24            53rR3e03
  4352.986 606.01212     0.492    -1.750                6.24            42rR1f06
  4352.987 106.00112     0.730    -2.148               3.464            AX22P055
  4352.990 606.01212     0.562    -4.047                6.24            42qR1219
  4352.998 606.01212     0.547    -4.647                6.24            42qP2118
  4353.018 106.00113     0.371    -5.132               3.464            BX01P045
  4353.018 606.01212     0.496    -1.804                6.24            42rR3e05
  4353.022 606.01212     1.041    -4.259                6.24            64qP2130
  4353.023 106.00113     1.013    -3.110               3.464            AX33P055
  4353.023      23.0     2.579     -3.10                                        
  4353.032 106.00113     1.031    -1.692               3.464            AX33Q055
  4353.032 606.01213     0.178    -5.218                6.24            20sR3221
  4353.033 106.00112     1.016    -3.025               3.464            AX33R045
  4353.034      25.1     5.563     -3.67                                        
  4353.035 106.00112     1.000    -3.042               3.464            AX33P045
  4353.036 606.01212     0.717    -4.798                6.24            53qP2114
  4353.038 606.01213     0.559    -5.390                6.24            20qR1249
  4353.039 606.01212     0.742    -3.949                6.24            53qR2316
  4353.040 606.01212     0.735    -3.422                6.24            53qQ2f16
  4353.041 106.00113     0.371    -2.903               3.464            BX01Q045
  4353.041 106.00113     0.728    -2.069               3.464            AX22P065
  4353.043 606.01213     0.559    -5.469                6.24            20qR2348
  4353.054 606.01212     0.895    -1.466                6.24            64rR3e09
  4353.054 606.01212     1.206    -1.030                6.24            75rR1f28
  4353.063 606.01212     0.320    -3.871                6.24            31rQ2113
  4353.067 106.00112     1.000    -1.800               3.464            AX33Q045
  4353.068 606.01212     0.125    -4.629                6.24            20sR2114
  4353.072 606.01212     0.872    -5.024                6.24            64sQ3102
  4353.073 606.01212     0.386    -5.425                6.24            20qP2139
  4353.076 606.01212     0.487    -3.631                6.24            42rQ2103
  4353.077 606.01212     0.728    -3.149                6.24            53qQ1f16
  4353.084 606.01212     0.386    -5.455                6.24            20qP3238
  4353.096 106.00112     0.730    -3.224               3.464            AX22Q055
  4353.103 606.01212     0.729    -3.397                6.24            53qQ2e15
  4353.111 106.00113     1.031    -3.100               3.464            AX33R055
  4353.121 606.01212     0.451    -3.759                6.24            31qQ1e29
  4353.127 106.00113     1.013    -1.699               3.464            AX33Q055
  4353.128 606.01212     0.326    -1.624                6.24            31rR3f12
  4353.129 106.00112     1.016    -1.788               3.464            AX33Q045
  4353.137 606.01212     0.723    -4.891                6.24            53qP3214
  4353.137 606.01212     1.206    -1.046                6.24            75rR2e27
  4353.145 606.01213     0.280    -8.640                6.24            20rP3132
  4353.154 606.01212     1.052    -4.378                6.24            64qP2131
  4353.160 606.01212     0.562    -4.114                6.24            42qR2318
  4353.161 106.00112     0.359    -4.987               3.464            BX01P035
  4353.167 606.01213     0.280    -8.228                6.24            20rP3132
  4353.169 606.01212     0.554    -3.341                6.24            42qQ1e19
  4353.171 106.00112     0.730    -2.069               3.464            AX22P065
  4353.180 106.00112     0.359    -3.008               3.464            BX01Q035
  4353.180 106.00112     1.000    -1.800               3.464            AX33Q045
  4353.195 606.01212     0.682    -1.996                6.24            53rR1e03
  4353.198 606.01212     0.682    -3.880                6.24            53qP2103
  4353.200      65.1     0.373     -0.63                               LAWNOHFS 
  4353.202 606.01212     0.451    -4.048                6.24            31qQ3e27
  4353.212 606.01212     0.887    -3.516                6.24            64rQ2109
  4353.215 606.01212     0.386    -4.277                6.24            20qQ1e39
  4353.216 606.01212     1.041    -4.354                6.24            64qP3229
  4353.223 606.01212     1.053    -4.410                6.24            64qP3230
  4353.226 606.01212     1.076    -5.781                6.24            75tR3109
  4353.233      42.0     3.209     -1.51                                        
  4353.234 606.01212     0.386    -4.490                6.24            20qQ3e37
  4353.236 106.00112     1.016    -3.032               3.464            AX33R045
  4353.243 606.01212     0.103    -6.733                6.24            20tR3109
  4353.257      41.0     0.130     -1.72                                        
  4353.259 606.01212     0.547    -4.788                6.24            42qP3217
  4353.263 606.01212     1.041    -3.500                6.24            64qQ1f30
  4353.273 606.01212     1.103    -3.878                6.24            75sR3214
  4353.277 606.01212     1.041    -3.635                6.24            64qQ2e29
  4353.286 606.01213     0.280    -4.890                6.24            20rQ2132
  4353.291      27.1     2.983     -3.92                                        
  4353.291 606.01212     0.488    -4.084                6.24            42sR3201
  4353.296 606.01212     0.684    -1.925                6.24            53rR2e03
  4353.304 606.01212     0.451    -3.899                6.24            31qQ2f28
  4353.305      42.0     2.513     -1.56                                        
  4353.306 606.01212     0.890    -1.445                6.24            64rR1f10
  4353.313 606.01212     1.207    -1.061                6.24            75rR3f26
  4353.314 106.00113     1.031    -1.692               3.464            AX33Q055
  4353.325      23.0     1.710     -1.38                               LAWNOHFS 
  4353.327      23.1     1.803     -4.29                                        
  4353.330 606.01212     0.555    -3.788                6.24            42qQ3e17
  4353.333      24.0     3.886     -0.80                                        
  4353.335      21.0     2.109     -3.86                                        
  4353.336 606.01212     1.052    -3.518                6.24            64qQ1e31
  4353.351 106.00112     1.016    -3.115               3.464            AX33P055
  4353.351      24.0     4.436     -2.91                                        
  4353.356 606.01212     0.491    -3.495                6.24            42rQ3204
  4353.359 606.01212     0.289    -6.289                6.24            31tR3103
  4353.361      58.1     1.580      0.15                                        
  4353.363      72.0     2.002     -0.69                                        
  4353.368 606.01213     0.280    -4.899                6.24            20rQ3231
  4353.370 606.01212     0.182    -9.629                6.24            20rP3122
  4353.371      27.1     2.777     -5.97                                        
  4353.371 606.01212     0.386    -4.382                6.24            20qQ2f38
  4353.371 606.01212     0.712    -4.918                6.24            53qP2113
  4353.373 606.01212     0.717    -4.980                6.24            53qP3213
  4353.375 606.01212     0.295    -5.805                6.24            31sQ3106
  4353.381 606.01212     0.486    -3.803                6.24            42rQ2102
  4353.386 606.01212     0.440    -4.864                6.24            31qP2128
  4353.387 106.00113     1.031    -3.177               3.464            AX33P065
  4353.388 106.00113     1.031    -3.109               3.464            AX33R055
  4353.401      90.1     1.322     -1.17                                        
  4353.406 606.01212     0.555    -3.554                6.24            42qQ2f18
  4353.408 606.01212     0.126    -4.769                6.24            20sR3213
  4353.408 606.01212     0.722    -3.109                6.24            53qQ1e15
  4353.418 606.01212     1.196    -6.895                6.24            75rP3127
  4353.421 106.00112     0.730    -2.069               3.464            AX22P065
  4353.429 606.01212     1.053    -3.787                6.24            64qQ3e29
  4353.443 606.01212     0.707    -5.010                6.24            53qP2112
  4353.450 606.01212     0.683    -4.123                6.24            53qP2104
  4353.456 106.00112     1.016    -1.698               3.464            AX33Q055
  4353.457 606.01212     0.547    -3.318                6.24            42qQ1f18
  4353.458 606.01212     0.735    -3.818                6.24            53qR1216
  4353.460 106.00113     1.031    -1.620               3.464            AX33Q065
  4353.463 606.01212     0.315    -7.572                6.24            31rP3112
  4353.466 606.01212     0.735    -3.947                6.24            53qR2315
  4353.467 606.01213     0.280    -4.887                6.24            20rQ2132
  4353.491 606.01213     0.540    -5.674                6.24            20qP2149
  4353.499 606.01212     0.547    -3.528                6.24            42qQ2e17
  4353.499 606.01212     0.729    -3.688                6.24            53qQ3f14
  4353.509 606.01212     0.881    -6.632                6.24            64rP3107
  4353.514 606.01212     0.386    -4.966                6.24            20qR1238
  4353.515 606.01212     1.196    -3.900                6.24            75rQ2127
  4353.517 606.01212     0.440    -4.989                6.24            31qP3227
  4353.517 606.01212     1.053    -3.650                6.24            64qQ2f30
  4353.518 606.01212     1.041    -4.031                6.24            64qR1229
  4353.520 606.01212     0.451    -4.394                6.24            31qR1228
  4353.522      26.0     4.280     -3.94                                        
  4353.522 606.01212     0.386    -5.046                6.24            20qR2337
  4353.524 106.00112     1.016    -3.110               3.464            AX33P055
  4353.535 606.01212     0.451    -4.498                6.24            31qR2327
  4353.540 606.01213     0.280    -4.885                6.24            20rQ3231
  4353.542 106.00112     1.034    -1.692               3.464            AX33Q055
  4353.549 606.01212     0.321    -3.864                6.24            31rQ3212
  4353.553      20.0     4.765     -3.46                                        
  4353.556 606.01213     0.540    -5.762                6.24            20qP3248
  4353.579 606.01212     0.298    -4.087                6.24            31sR3206
  4353.589 606.01212     0.540    -4.913                6.24            42qP2117
  4353.591 606.01213     0.540    -4.780                6.24            20qQ2e48
  4353.606 606.01213     0.280    -1.874                6.24            20rR1e32
  4353.619 106.00112     1.034    -3.100               3.464            AX33R055
  4353.622 606.01212     0.723    -3.682                6.24            53qQ3e13
  4353.628 106.00112     1.016    -1.699               3.464            AX33Q055
  4353.630 106.00113     1.032    -3.171               3.464            AX33P065
  4353.631 606.01212     0.493    -1.901                6.24            42rR2e05
  4353.636 606.01212     0.712    -5.071                6.24            53qP3212
  4353.648 106.00112     0.898    -5.251               3.464            BX11P175
  4353.652 606.01212     0.440    -3.884                6.24            31qQ2e27
  4353.659 606.01213     0.280    -1.888                6.24            20rR2f31
  4353.661 606.01213     0.280    -1.874                6.24            20rR1f32
  4353.665 606.01212     0.729    -3.807                6.24            53qR1215
  4353.666 606.01212     0.873    -3.917                6.24            64sR2103
  4353.669 606.01212     1.041    -3.780                6.24            64qQ3f28
  4353.673 606.01212     0.717    -3.066                6.24            53qQ1f14
  4353.676 106.00113     1.791    -1.054               3.464            AX22Q275
  4353.680      23.0     1.063     -3.55                                        
  4353.682 606.01212     0.723    -3.373                6.24            53qQ2f14
  4353.689 606.01213     0.280    -1.888                6.24            20rR2e31
  4353.700 606.01212     1.053    -3.914                6.24            64qR1230
  4353.703 606.01212     0.703    -5.228                6.24            53qP2111
  4353.706 106.00113     1.032    -1.621               3.464            AX33Q065
  4353.706      26.0     4.253     -3.33                                        
  4353.706 606.01212     0.685    -4.428                6.24            53qP2105
  4353.707 606.01212     0.490    -1.833                6.24            42rR1e05
  4353.710      24.1     5.867     -4.73                                        
  4353.715 606.01212     0.320    -1.595                6.24            31rR1e13
  4353.716 606.01213     0.540    -4.694                6.24            20qQ1f49
  4353.722 606.01212     0.699    -5.507                6.24            53qP2110
  4353.723 606.01212     0.440    -3.738                6.24            31qQ1f28
  4353.723 606.01212     1.053    -4.003                6.24            64qR2329
  4353.724      68.1     0.891     -3.29                                 LAWLER 
  4353.727 606.01212     0.494    -1.951                6.24            42rR3f04
  4353.727 606.01212     0.717    -3.345                6.24            53qQ2e13
  4353.730 606.01212     1.041    -4.065                6.24            64qR2328
  4353.731 606.01212     0.490    -3.540                6.24            42rQ3203
  4353.737      27.1     3.083     -5.11                                        
  4353.743 606.01212     0.182    -4.444                6.24            20rQ3221
  4353.743 606.01212     0.370    -5.334                6.24            20qP2138
  4353.744 106.00113     1.053    -1.617               3.464            AX33Q065
  4353.747 606.01212     0.534    -4.719                6.24            42qP2116
  4353.751 606.01213     0.281    -1.901                6.24            20rR3e30
  4353.758 606.01212     0.879    -6.753                6.24            64rP3106
  4353.762 606.01212     0.541    -5.002                6.24            42qP3216
  4353.762 606.01212     0.681    -2.250                6.24            53rR1f02
  4353.770 606.01212     0.555    -3.908                6.24            42qR1218
  4353.774 606.01212     0.891    -1.585                6.24            64rR2e09
  4353.775      27.0     3.968     -2.79                                        
  4353.777 606.01212     0.687    -4.836                6.24            53qP2106
  4353.779 606.01212     0.888    -3.467                6.24            64rQ3208
  4353.787      24.0     3.373     -4.36                                        
  4353.788 606.01212     1.097    -6.057                6.24            75sQ3114
  4353.789 606.01212     0.555    -4.030                6.24            42qR2317
  4353.790 606.01212     0.182    -4.427                6.24            20rQ2122
  4353.796 106.00113     1.791    -3.799               3.464            AX22R265
  4353.797 106.00113     1.053    -3.165               3.464            AX33R065
  4353.797 606.01212     0.729    -3.896                6.24            53qR2314
  4353.798      64.0     1.766      0.41                                        
  4353.799 606.01213     0.281    -1.901                6.24            20rR3f30
  4353.807      25.0     5.668     -3.82                                        
  4353.809      23.0     1.710     -2.73                                        
  4353.816 606.01212     1.196    -1.045                6.24            75rR1e27
  4353.816 606.01213     0.540    -5.441                6.24            20qR1248
  4353.819 606.01212     0.686    -2.018                6.24            53rR3f02
  4353.819 606.01212     1.019    -4.261                6.24            64qP2128
  4353.825 106.00112     1.034    -1.692               3.464            AX33Q055
  4353.825 606.01212     0.876    -3.540                6.24            64sR3203
  4353.835 606.01212     0.370    -5.421                6.24            20qP3237
  4353.837 606.01212     1.196    -3.898                6.24            75rQ3226
  4353.847 606.01212     0.692    -6.773                6.24            53qP2108
  4353.847 606.01212     0.708    -5.227                6.24            53qP3211
  4353.847 606.01212     0.892    -1.515                6.24            64rR3f08
  4353.861 606.01212     0.884    -3.461                6.24            64rQ2108
  4353.863 106.00113     1.791    -3.765               3.464            AX22P275
  4353.883      23.0     2.563     -5.50                                        
  4353.885 606.01213     0.540    -4.870                6.24            20qQ3f47
  4353.892 606.01212     0.683    -3.848                6.24            53qP3201
  4353.894 606.01212     0.548    -3.781                6.24            42qQ3f16
  4353.896 106.00112     1.034    -3.177               3.464            AX33P065
  4353.896 606.01212     0.695    -6.253                6.24            53qP2109
  4353.901 106.00112     1.034    -3.109               3.464            AX33R055
  4353.901 606.01212     0.370    -4.370                6.24            20qQ2e37
  4353.915 606.01212     0.689    -5.413                6.24            53qP2107
  4353.920 606.01213     0.540    -5.455                6.24            20qR2347
  4353.922      20.0     4.677     -4.39                                        
  4353.928 606.01212     0.321    -1.628                6.24            31rR2f12
  4353.934 606.01212     1.196    -1.062                6.24            75rR2f26
  4353.940      24.0     4.782     -4.10                                        
  4353.940 606.01213     0.129    -7.491                6.24            20tR3115
  4353.947 606.01212     0.712    -3.019                6.24            53qQ1e13
  4353.956 606.01212     1.030    -4.408                6.24            64qP2129
  4353.958 606.01212     0.547    -3.954                6.24            42qR1217
  4353.963 606.01212     0.683    -2.077                6.24            53rR2f02
  4353.973      24.0     3.373     -0.73                                        
  4353.974 106.00112     1.034    -1.620               3.464            AX33Q065
  4353.982 606.01212     0.440    -4.040                6.24            31qQ3f26
  4353.984 106.00113     1.791    -1.056               3.464            AX22Q265
  4353.990 606.01212     0.440    -4.430                6.24            31qR1227
  4353.997      27.1     3.626     -3.09                                        
  4354.002 606.01212     0.370    -4.263                6.24            20qQ1f38
  4354.005 606.01213     0.129    -7.247                6.24            20tR3115
  4354.010 606.01212     0.540    -3.274                6.24            42qQ1e17
  4354.016 606.01212     0.887    -1.481                6.24            64rR1e09
  4354.027 606.01212     1.019    -4.363                6.24            64qP3227
  4354.035 606.01212     0.703    -5.437                6.24            53qP3210
  4354.037 606.01212     1.030    -4.442                6.24            64qP3228
  4354.044 606.01212     0.534    -4.882                6.24            42qP3215
  4354.045 106.00113     1.053    -3.234               3.464            AX33P075
  4354.055      22.0     2.159     -0.54                                        
  4354.055 606.01212     0.683    -3.991                6.24            53qP3202
  4354.056 606.01213     0.540    -5.747                6.24            20qP2149
  4354.062 606.01212     0.295    -4.016                6.24            31sR2106
  4354.063 606.01212     1.097    -3.764                6.24            75sR2114
  4354.065 606.01213     0.540    -5.760                6.24            20qP3248
  4354.065      64.1     1.614     -0.94                                        
  4354.066 606.01212     1.186    -7.218                6.24            75rP3126
  4354.070 606.01212     1.019    -3.465                6.24            64qQ1f28
  4354.088 606.01212     0.315    -3.837                6.24            31rQ2112
  4354.091 606.01212     1.196    -1.077                6.24            75rR3e25
  4354.098 106.00113     1.053    -1.556               3.464            AX33Q075
  4354.101 606.01212     0.182    -1.731                6.24            20rR1f22
  4354.101 606.01212     0.321    -1.659                6.24            31rR3e11
  4354.101 606.01212     1.019    -3.606                6.24            64qQ2e27
  4354.114 106.00113     1.053    -1.616               3.464            AX33Q065
  4354.117 606.01212     0.440    -4.471                6.24            31qR2326
  4354.121 106.00113     0.487    -1.838               3.464            AX11P085
  4354.133      44.0     1.002     -0.83                                        
  4354.134 606.01212     0.548    -4.084                6.24            42qR2316
  4354.136 606.01212     0.718    -3.682                6.24            53qQ3f12
  4354.141 106.00112     1.035    -3.171               3.464            AX33P065
  4354.146 106.00112     0.372    -3.008               3.464            BX01Q035
  4354.158 606.01212     1.030    -3.482                6.24            64qQ1e29
  4354.159 106.00113     0.487    -3.315               3.464            AX11Q085
  4354.160 606.01212     0.370    -5.026                6.24            20qR1237
  4354.160 606.01213     0.540    -4.694                6.24            20qQ1e49
  4354.164 606.01212     0.182    -1.751                6.24            20rR2e21
  4354.166 106.00113     1.053    -3.175               3.464            AX33R065
  4354.166 606.01212     0.723    -3.891                6.24            53qR2313
  4354.168 606.01212     0.723    -3.755                6.24            53qR1214
  4354.170 106.00112     0.372    -5.248               3.464            BX01R035
  4354.174 606.01213     0.540    -4.870                6.24            20qQ3e47
  4354.177      41.0     1.368     -1.36                                        
  4354.180 606.01212     0.707    -2.968                6.24            53qQ1f12
  4354.193 606.01212     0.541    -3.775                6.24            42qQ3e15
  4354.194 606.01212     0.713    -3.680                6.24            53qQ3e11
  4354.198 606.01212     0.876    -6.748                6.24            64rP3105
  4354.201      22.0     2.479     -2.09                                        
  4354.212 606.01212     0.371    -4.482                6.24            20qQ3f36
  4354.217 606.01212     0.885    -3.474                6.24            64rQ3207
  4354.219 606.01212     0.699    -5.823                6.24            53qP3209
  4354.221 106.00112     1.035    -1.620               3.464            AX33Q065
  4354.235 606.01212     0.120    -7.023                6.24            20sQ3113
  4354.240 606.01212     0.491    -1.899                6.24            42rR2f04
  4354.245 606.01212     0.712    -3.317                6.24            53qQ2f12
  4354.252 606.01212     0.528    -5.068                6.24            42qP2115
  4354.259 606.01212     0.541    -3.511                6.24            42qQ2f16
  4354.264 606.01212     1.030    -3.770                6.24            64qQ3e27
  4354.265 606.01212     0.534    -3.236                6.24            42qQ1f16
  4354.266 106.00112     1.056    -1.616               3.464            AX33Q065
  4354.271 606.01212     0.708    -3.285                6.24            53qQ2e11
  4354.278      26.0     3.879     -2.56                                        
  4354.278 606.01212     0.371    -5.055                6.24            20qR2336
  4354.279 606.01212     0.316    -3.864                6.24            31rQ3211
  4354.290 606.01212     0.182    -1.770                6.24            20rR3f20
  4354.292 606.01212     0.875    -6.515                6.24            64rP3104
  4354.302 606.01213     0.170    -7.888                6.24            20sQ3121
  4354.308 606.01213     0.540    -4.781                6.24            20qQ2f48
  4354.320 106.00112     1.056    -3.165               3.464            AX33R065
  4354.321 606.01212     0.696    -6.861                6.24            53qP3208
  4354.322 606.01212     0.881    -3.452                6.24            64rQ2107
  4354.326 606.01212     0.293    -5.907                6.24            31sQ3105
  4354.328 606.01212     0.534    -3.481                6.24            42qQ2e15
  4354.332      21.0     2.294     -1.21                                        
  4354.334 606.01213     0.170    -7.690                6.24            20sQ3121
  4354.339 606.01212     0.488    -1.934                6.24            42rR1f04
  4354.345 606.01212     1.030    -3.623                6.24            64qQ2f28
  4354.352 606.01212     1.019    -3.993                6.24            64qR1227
  4354.364 606.01212     0.717    -3.736                6.24            53qR1213
  4354.370 606.01212     0.523    -4.816                6.24            42qP2114
  4354.373 106.00113     1.053    -3.226               3.464            AX33P075
  4354.375 606.01212     0.429    -4.950                6.24            31qP2127
  4354.379      26.0     4.555     -4.23                                        
  4354.384 606.01212     0.311    -7.622                6.24            31rP3111
  4354.384 606.01212     1.186    -3.886                6.24            75rQ2126
  4354.391 606.01212     1.186    -3.902                6.24            75rQ3225
  4354.400 606.01212     0.703    -2.913                6.24            53qQ1e11
  4354.411 106.00113     0.488    -1.789               3.464            AX11P095
  4354.412      57.1     0.916     -0.50                                        
  4354.412 606.01213     0.540    -5.384                6.24            20qR1248
  4354.417 606.01213     0.540    -5.464                6.24            20qR2347
  4354.422      14.0     4.926     -4.36                                        
  4354.422 606.01212     0.872    -5.789                6.24            64rP3102
  4354.429 606.01212     0.686    -4.480                6.24            53qP3204
  4354.431 106.00113     1.053    -1.557               3.464            AX33Q075
  4354.448 606.01212     0.888    -1.552                6.24            64rR2f08
  4354.451 606.01212     0.429    -4.994                6.24            31qP3226
  4354.459 606.01212     0.489    -3.515                6.24            42rQ3202
  4354.461      76.0     1.259     -2.12                                        
  4354.463 606.01212     0.684    -4.167                6.24            53qP3203
  4354.470 106.00112     0.489    -1.838               3.464            AX11P085
  4354.471 606.01212     0.529    -5.176                6.24            42qP3214
  4354.472 606.01212     0.690    -5.376                6.24            53qP3206
  4354.475 606.01212     0.693    -6.355                6.24            53qP3207
  4354.483      90.0     1.632     -0.18                                        
  4354.490 606.01212     0.718    -3.835                6.24            53qR2312
  4354.493 606.01212     1.335    -6.587                6.24            86tR3122
  4354.497 606.01212     1.097    -3.899                6.24            75sR3213
  4354.500 106.00112     0.489    -3.315               3.464            AX11Q085
  4354.500 606.01212     0.872    -4.253                6.24            64sR2102
  4354.501 606.01212     1.019    -3.763                6.24            64qQ3f26
  4354.506      24.0     4.437     -3.14                                        
  4354.528      12.0     4.343     -2.42                                        
  4354.541 606.01212     0.998    -4.251                6.24            64qP2126
  4354.546 606.01212     0.486    -3.773                6.24            42qP2102
  4354.546      92.0     0.471     -0.53                                        
  4354.547 606.01212     1.030    -3.877                6.24            64qR1228
  4354.554 606.01213     0.170    -5.106                6.24            20sR2121
  4354.565 106.00113     0.388    -2.904               3.464            BX01Q045
  4354.565 606.01212     0.685    -2.200                6.24            53rR3e01
  4354.567 106.00112     1.056    -3.234               3.464            AX33P075
  4354.570 606.01212     0.888    -1.572                6.24            64rR3e07
  4354.572 606.01212     1.030    -3.973                6.24            64qR2327
  4354.575 606.01212     1.019    -4.064                6.24            64qR2326
  4354.579 106.00113     1.077    -1.554               3.464            AX33Q075
  4354.585 606.01212     0.688    -4.866                6.24            53qP3205
  4354.590      23.1     6.524     -2.77                                        
  4354.590 606.01212     0.488    -3.729                6.24            42rQ3201
  4354.593 106.00113     0.388    -5.308               3.464            BX01R045
  4354.596 606.01212     0.288    -6.797                6.24            31tR3102
  4354.596 606.01212     0.699    -2.852                6.24            53qQ1f10
  4354.597   21.1045     0.605    -2.240                                 LAWHFS 
  4354.597   21.1045     0.605    -2.360                                 LAWHFS 
  4354.597   21.1045     0.605    -2.500                                 LAWHFS 
  4354.597   21.1045     0.605    -2.660                                 LAWHFS 
  4354.598   21.1045     0.605    -2.840                                 LAWHFS 
  4354.598   21.1045     0.605    -3.070                                 LAWHFS 
  4354.599   21.1045     0.605    -3.420                                 LAWHFS 
  4354.600   21.1045     0.605    -2.900                                 LAWHFS 
  4354.600   21.1045     0.605    -2.910                                 LAWHFS 
  4354.600   21.1045     0.605    -2.970                                 LAWHFS 
  4354.600   21.1045     0.605    -3.090                                 LAWHFS 
  4354.600   21.1045     0.605    -3.270                                 LAWHFS 
  4354.601   21.1045     0.605    -2.970                                 LAWHFS 
  4354.601   21.1045     0.605    -3.170                                 LAWHFS 
  4354.601   21.1045     0.605    -3.750                                 LAWHFS 
  4354.601 606.01212     0.873    -5.931                6.24            64rP3103
  4354.602   21.1045     0.605    -3.640                                 LAWHFS 
  4354.603   21.1045     0.605    -3.660                                 LAWHFS 
  4354.603   21.1045     0.605    -3.770                                 LAWHFS 
  4354.604   21.1045     0.605    -3.980                                 LAWHFS 
  4354.605   21.1045     0.605    -4.390                                 LAWHFS 
  4354.612 106.00113     1.077    -3.222               3.464            AX33R075
  4354.614 606.01212     0.429    -3.718                6.24            31qQ1e27
  4354.614 606.01212     1.186    -1.061                6.24            75rR1f26
  4354.615 106.00112     1.056    -1.556               3.464            AX33Q075
  4354.618      20.0     4.677     -4.98                                        
  4354.619 606.01212     0.492    -1.979                6.24            42rR3e03
  4354.626      29.0     5.241     -1.77                                        
  4354.632 606.01213     0.268    -8.662                6.24            20rP3131
  4354.633 606.01212     0.683    -2.329                6.24            53rR2e01
  4354.637      15.0     6.980     -3.50                                        
  4354.638 106.00112     1.056    -1.616               3.464            AX33Q065
  4354.649 106.00113     0.341    -3.228               3.464            BX01P015
  4354.657 606.01213     0.268    -8.240                6.24            20rP3131
  4354.662 606.01212     0.173    -8.603                6.24            20rP3121
  4354.670      23.0     2.721     -2.76                                        
  4354.672 606.01212     0.884    -1.530                6.24            64rR1f08
  4354.680 606.01212     0.541    -3.840                6.24            42qR1216
  4354.686      42.0     3.245     -1.47                                        
  4354.687 606.01212     0.315    -1.629                6.24            31rR1f12
  4354.689 606.01212     0.704    -3.694                6.24            53qQ3e09
  4354.690 606.01212     0.541    -3.978                6.24            42qR2315
  4354.693 106.00112     1.056    -3.174               3.464            AX33R065
  4354.698 606.01212     0.708    -3.687                6.24            53qQ3f10
  4354.699 106.00112     0.373    -5.131               3.464            BX01P045
  4354.704 606.01212     0.429    -4.030                6.24            31qQ3e25
  4354.707 606.01212     1.009    -4.443                6.24            64qP2127
  4354.708 606.01212     1.186    -1.078                6.24            75rR2e25
  4354.713      23.0     2.576     -4.68                                        
  4354.720 606.01212     0.523    -5.017                6.24            42qP3213
  4354.721 106.00112     0.373    -2.903               3.464            BX01Q045
  4354.725 606.01213     0.170    -5.141                6.24            20sR2121
  4354.727 606.01212     0.703    -3.252                6.24            53qQ2f10
  4354.735 606.01212     0.535    -3.769                6.24            42qQ3f14
  4354.736 606.01212     0.528    -3.205                6.24            42qQ1e15
  4354.736 606.01212     0.699    -3.214                6.24            53qQ2e09
  4354.748 606.01213     0.170    -5.239                6.24            20sR3220
  4354.754 106.00112     0.489    -1.789               3.464            AX11P095
  4354.755 106.00113     0.488    -1.837               3.464            AX11P085
  4354.764 606.01212     0.695    -2.785                6.24            53qQ1e09
  4354.769 606.01212     0.999    -4.364                6.24            64qP3225
  4354.778      57.0     1.138     -0.23                                        
  4354.783 606.01213     0.268    -4.877                6.24            20rQ2131
  4354.788 106.00113     0.488    -3.331               3.464            AX11Q085
  4354.799 606.01212     0.998    -3.423                6.24            64qQ1f26
  4354.802 606.01212     0.429    -3.869                6.24            31qQ2f26
  4354.803 606.01212     0.713    -3.827                6.24            53qR2311
  4354.805      44.0     1.316     -1.33                                        
  4354.805 606.01212     1.009    -4.481                6.24            64qP3226
  4354.809 606.01212     1.073    -5.912                6.24            75tR3108
  4354.818 606.01212     0.120    -4.629                6.24            20sR2113
  4354.820 606.01212     0.712    -3.684                6.24            53qR1212
  4354.830 606.01212     0.419    -4.886                6.24            31qP2126
  4354.835 606.01212     0.875    -3.598                6.24            64sR3202
  4354.839 606.01212     0.311    -3.819                6.24            31rQ2111
  4354.842 106.00113     1.077    -3.285               3.464            AX33P085
  4354.847 606.01212     0.513    -4.928                6.24            42qP2112
  4354.847 606.01212     0.534    -3.980                6.24            42qR1215
  4354.852 606.01213     0.522    -5.677                6.24            20qP2148
  4354.854 606.01212     0.999    -3.577                6.24            64qQ2e25
  4354.859 606.01213     0.170    -5.198                6.24            20sR3220
  4354.860      25.1     6.107     -5.26                                        
  4354.866 606.01213     0.268    -4.886                6.24            20rQ3230
  4354.869 606.01212     1.087    -0.830                6.24            42pP3f54
  4354.872 106.00113     1.077    -1.502               3.464            AX33Q085
  4354.879 606.01212     0.173    -4.413                6.24            20rQ2121
  4354.890      26.0     4.227     -2.18                                        
  4354.891 606.01212     0.879    -3.428                6.24            64rQ2106
  4354.892 606.01212     1.187    -1.094                6.24            75rR3f24
  4354.899 106.00112     1.056    -3.226               3.464            AX33P075
  4354.905 606.01212     0.316    -1.664                6.24            31rR2e11
  4354.917 606.01213     0.522    -5.766                6.24            20qP3247
  4354.918 606.01212     0.692    -2.711                6.24            53qQ1f08
  4354.929 606.01212     1.177    -6.915                6.24            75rP3125
  4354.931 606.01212     1.009    -3.443                6.24            64qQ1e27
  4354.940 606.01212     0.487    -3.950                6.24            42qP2103
  4354.949 606.01212     0.523    -3.156                6.24            42qQ1f14
  4354.953 106.00112     1.056    -1.556               3.464            AX33Q075
  4354.955 606.01212     1.092    -6.112                6.24            75sQ3113
  4354.956 606.01213     0.522    -4.772                6.24            20qQ2e47
  4354.961 606.01212     0.529    -3.766                6.24            42qQ3e13
  4354.961 606.01213     0.268    -4.873                6.24            20rQ2131
  4354.966 606.01212     0.517    -5.879                6.24            42qP2113
  4354.968      23.0     1.891     -0.53                               LAWNOHFS 
  4354.969 606.01212     0.487    -2.080                6.24            42rR1e03
  4354.972 606.01212     0.419    -5.020                6.24            31qP3225
  4354.984 106.00113     0.488    -1.789               3.464            AX11P095
  4354.995 106.00113     0.388    -5.242               3.464            BX01P055
  4355.003 606.01212     0.504    -4.708                6.24            42qP2110
  4355.008 606.01212     0.708    -3.657                6.24            53qR1211
  4355.009 606.01212     0.529    -3.466                6.24            42qQ2f14
  4355.018 606.01212     0.490    -2.013                6.24            42rR2e03
  4355.019 606.01212     0.535    -4.047                6.24            42qR2314
  4355.021 106.00113     0.388    -2.815               3.464            BX01Q055
  4355.025 606.01212     0.296    -4.101                6.24            31sR3205
  4355.036 606.01212     0.689    -2.627                6.24            53qQ1e07
  4355.041 606.01212     0.429    -4.366                6.24            31qR1226
  4355.041 606.01213     0.269    -4.872                6.24            20rQ3230
  4355.042 106.00113     1.078    -1.554               3.464            AX33Q075
  4355.044      24.1     6.681     -3.79                                        
  4355.046 606.01212     0.882    -3.416                6.24            64rQ3206
  4355.047 606.01212     1.177    -3.867                6.24            75rQ2125
  4355.054 106.00113     0.892    -2.391               3.464            BX01R175
  4355.055 606.01212     0.429    -4.477                6.24            31qR2325
  4355.056 606.01212     0.523    -3.429                6.24            42qQ2e13
  4355.056 606.01212     1.009    -3.753                6.24            64qQ3e25
  4355.063 606.01212     0.307    -7.118                6.24            31rP3110
  4355.069      24.0     2.985     -3.63                                        
  4355.071 606.01212     0.518    -5.481                6.24            42qP3212
  4355.079      20.0     2.709     -0.43                                 LAWLER 
  4355.081 606.01213     0.522    -4.683                6.24            20qQ1f48
  4355.087 106.00113     1.078    -3.233               3.464            AX33R075
  4355.087      63.1     3.243      0.63                                        
  4355.100 606.01212     0.121    -4.707                6.24            20sR3212
  4355.102      73.0     2.810      0.18                                        
  4355.105 106.00112     0.490    -1.837               3.464            AX11P085
  4355.105 606.01212     0.697    -3.737                6.24            53qQ3e07
  4355.109 606.01212     0.317    -1.697                6.24            31rR3f10
  4355.112 606.01212     0.999    -4.042                6.24            64qR1225
  4355.113 606.01213     0.268    -1.888                6.24            20rR1e31
  4355.117 106.00112     1.080    -1.554               3.464            AX33Q075
  4355.122 606.01212     0.708    -3.766                6.24            53qR2310
  4355.123 606.01212     0.693    -3.126                6.24            53qQ2e07
  4355.126 606.01212     1.009    -3.595                6.24            64qQ2f26
  4355.128 606.01212     0.419    -3.853                6.24            31qQ2e25
  4355.129 606.01212     0.696    -3.174                6.24            53qQ2f08
  4355.135 606.01212     0.980    -4.212                6.24            64qP2124
  4355.137 106.00112     0.490    -3.331               3.464            AX11Q085
  4355.142 606.01212     0.687    -2.534                6.24            53qQ1f06
  4355.144      22.0     2.493     -2.96                                        
  4355.145 606.01212     0.100    -6.911                6.24            20tR3108
  4355.146      26.0     4.151     -3.68                                        
  4355.148 606.01212     0.885    -1.593                6.24            64rR2e07
  4355.154 106.00112     1.080    -3.222               3.464            AX33R075
  4355.156 106.00113     0.892    -7.181               3.464            BX01Q185
  4355.159      74.0     1.507     -1.11                                        
  4355.164 606.01213     0.268    -1.888                6.24            20rR1f31
  4355.168 606.01213     0.269    -1.902                6.24            20rR2f30
  4355.175 606.01212     0.488    -4.157                6.24            42qP2104
  4355.180      59.1     0.629     -0.85                                LINOHFS 
  4355.185 606.01213     0.522    -5.435                6.24            20qR1247
  4355.186 606.01212     0.700    -3.713                6.24            53qQ3f08
  4355.193 606.01212     0.419    -3.696                6.24            31qQ1f26
  4355.195 606.01213     0.268    -1.902                6.24            20rR2e30
  4355.204 606.01212     0.174    -4.406                6.24            20rQ3220
  4355.214 606.01212     0.685    -2.428                6.24            53qQ1e05
  4355.224 606.01212     0.962    -4.076                6.24            64qP2122
  4355.230      66.1     1.170     -1.93                                 LAWLER 
  4355.232 106.00113     0.892    -2.346               3.464            BX01R185
  4355.232 606.01212     1.066    -0.830                6.24            42pP2f54
  4355.245      24.0     2.985     -3.60                                        
  4355.251 606.01213     0.522    -4.864                6.24            20qQ3f46
  4355.256 606.01212     0.508    -6.573                6.24            42qP2111
  4355.257 606.01212     0.356    -5.436                6.24            20qP2137
  4355.261 606.01213     0.269    -1.916                6.24            20rR3e29
  4355.263 606.01212     0.876    -3.470                6.24            64rQ2105
  4355.267 106.00113     1.078    -3.276               3.464            AX33P085
  4355.268 606.01212     0.999    -3.747                6.24            64qQ3f24
  4355.273 606.01212     0.356    -5.469                6.24            20qP3236
  4355.273 606.01212     0.683    -2.305                6.24            53qQ1f04
  4355.277 606.01212     0.513    -5.212                6.24            42qP3211
  4355.282      22.0     2.039     -1.57                                        
  4355.283 606.01212     1.459    -7.184                6.24            86sQ3134
  4355.289 606.01213     0.522    -5.449                6.24            20qR2346
  4355.291 606.01212     0.962    -3.456                6.24            64qQ1f22
  4355.305 106.00113     1.078    -1.503               3.464            AX33Q085
  4355.306 606.01212     0.682    -2.160                6.24            53qQ1e03
  4355.307 606.01213     0.269    -1.916                6.24            20rR3f29
  4355.313 606.01212     1.066    -4.321                6.24            42pQ2353
  4355.319 606.01212     0.173    -1.751                6.24            20rR1e21
  4355.321      90.1     0.994     -1.25                               Nils02/8 
  4355.326 606.01212     0.681    -1.977                6.24            53qQ1f02
  4355.329 606.01212     0.293    -4.038                6.24            31sR2105
  4355.331 606.01212     0.881    -1.592                6.24            64rR1e07
  4355.341 106.00112     0.490    -1.789               3.464            AX11P095
  4355.348 606.01212     0.885    -1.638                6.24            64rR3f06
  4355.350 606.01212     1.009    -3.805                6.24            64qR1226
  4355.353 606.01212     0.999    -4.070                6.24            64qR2324
  4355.372 606.01212     0.989    -4.493                6.24            64qP2125
  4355.372 606.01212     1.177    -1.078                6.24            75rR1e25
  4355.373 606.01212     0.980    -3.389                6.24            64qQ1f24
  4355.376 606.01212     1.009    -3.912                6.24            64qR2325
  4355.380 106.00112     1.081    -3.285               3.464            AX33P085
  4355.381 106.00113     0.156    -1.795               3.464            AX00P085
  4355.382 606.01212     0.704    -3.755                6.24            53qR2309
  4355.383 606.01212     1.177    -3.865                6.24            75rQ3224
  4355.384 606.01212     1.066    -0.838                6.24            42pP3e53
  4355.389 606.01212     0.684    -2.499                6.24            53rR3f00
  4355.397 606.01213     0.522    -5.750                6.24            20qP2148
  4355.398 606.01212     0.174    -1.772                6.24            20rR2f20
  4355.403 606.01212     0.312    -3.808                6.24            31rQ3210
  4355.404 606.01212     0.980    -4.339                6.24            64qP3223
  4355.406       6.0     7.679     -3.33                                        
  4355.407 106.00112     1.081    -1.502               3.464            AX33Q085
  4355.407 606.01213     0.522    -5.763                6.24            20qP3247
  4355.412 606.01212     0.356    -4.249                6.24            20qQ1e37
  4355.415 106.00113     0.156    -3.296               3.464            AX00Q085
  4355.425 606.01212     0.703    -3.606                6.24            53qR1210
  4355.426 606.01212     0.880    -3.434                6.24            64rQ3205
  4355.432 606.01212     0.688    -3.002                6.24            53qQ2e05
  4355.436 606.01212     0.356    -4.474                6.24            20qQ3e35
  4355.441 606.01212     0.691    -3.845                6.24            53qQ3e05
  4355.446 606.01212     0.690    -3.072                6.24            53qQ2f06
  4355.449 606.01212     0.490    -4.523                6.24            42qP2105
  4355.458 606.01212     1.092    -3.747                6.24            75sR2113
  4355.461 606.01212     0.419    -4.022                6.24            31qQ3f24
  4355.470 606.01212     0.513    -3.076                6.24            42qQ1f12
  4355.478 606.01212     0.291    -5.745                6.24            31sQ3104
  4355.480 606.01212     0.524    -3.764                6.24            42qQ3f12
  4355.483 606.01212     0.492    -4.720                6.24            42qP2106
  4355.485 606.01212     0.980    -3.551                6.24            64qQ2e23
  4355.486 606.01212     0.491    -2.106                6.24            42rR3f02
  4355.487 606.01212     0.501    -5.416                6.24            42qP2109
  4355.488 606.01212     1.459    -4.284                6.24            86sR3233
  4355.491 606.01212     0.419    -4.398                6.24            31qR1225
  4355.494 606.01212     0.529    -3.711                6.24            42qR1214
  4355.499 606.01212     0.529    -3.885                6.24            42qR2313
  4355.500 606.01212     1.177    -1.096                6.24            75rR2f24
  4355.505 606.01213     0.522    -4.684                6.24            20qQ1e48
  4355.512 606.01212     0.517    -3.129                6.24            42qQ1e13
  4355.513      24.0     4.614     -4.01                                        
  4355.521 606.01213     0.522    -4.863                6.24            20qQ3e46
  4355.524 606.01212     0.989    -4.531                6.24            64qP3224
  4355.534 606.01212     0.174    -1.792                6.24            20rR3e19
  4355.551 606.01212     0.486    -2.333                6.24            42rR1f02
  4355.552 606.01212     0.509    -6.266                6.24            42qP3210
  4355.553 606.01212     0.498    -5.367                6.24            42qP2108
  4355.564 106.00113     1.105    -1.501               3.464            AX33Q085
  4355.571 606.01212     1.167    -7.254                6.24            75rP3124
  4355.572 606.01212     0.356    -4.360                6.24            20qQ2f36
  4355.576 106.00113     1.105    -3.273               3.464            AX33R085
  4355.595 106.00112     1.081    -1.554               3.464            AX33Q075
  4355.599 606.01212     0.311    -1.665                6.24            31rR1e11
  4355.603 606.01212     0.694    -3.783                6.24            53qQ3f06
  4355.606 606.01212     0.488    -3.925                6.24            42qP3201
  4355.606 606.01212     0.989    -3.424                6.24            64qQ1e25
  4355.611 606.01212     0.699    -3.572                6.24            53qR1209
  4355.618 606.01212     0.419    -4.444                6.24            31qR2324
  4355.618 606.01212     0.963    -3.599                6.24            64qQ2e21
  4355.627 606.01212     0.963    -4.210                6.24            64qP3221
  4355.629 106.00112     1.081    -3.233               3.464            AX33R075
  4355.633 606.01212     0.518    -3.765                6.24            42qQ3e11
  4355.635 606.01212     0.523    -3.940                6.24            42qR1213
  4355.637      24.0     3.077     -4.23                                        
  4355.646 106.00113     1.288    -3.745               3.464            AX44R045
  4355.654 606.01213     0.522    -4.772                6.24            20qQ2f47
  4355.659 606.01212     0.684    -2.793                6.24            53qQ2e03
  4355.663 606.01212     0.505    -5.297                6.24            42qP3209
  4355.664 606.01212     1.177    -1.112                6.24            75rR3e23
  4355.670 606.01212     0.686    -2.915                6.24            53qQ2f04
  4355.671 606.01212     0.513    -3.374                6.24            42qQ2e11
  4355.677 606.01212     0.489    -2.160                6.24            42rR2f02
  4355.678 106.00113     0.156    -1.747               3.464            AX00P095
  4355.685 606.01212     0.963    -4.645                6.24            64qR1221
  4355.693 106.00112     0.156    -1.795               3.464            AX00P085
  4355.694 606.01212     0.687    -4.120                6.24            53qQ3e03
  4355.704 606.01212     0.700    -3.691                6.24            53qR2308
  4355.723 606.01212     0.980    -4.096                6.24            64qR1223
  4355.724 606.01212     0.875    -3.472                6.24            64rQ2104
  4355.726 606.01212     0.356    -4.950                6.24            20qR1236
  4355.727 106.00112     0.156    -3.296               3.464            AX00Q085
  4355.735 606.01212     0.356    -5.033                6.24            20qR2335
  4355.736 606.01212     0.409    -4.973                6.24            31qP2125
  4355.739      92.0     0.077     -0.43                                        
  4355.747 606.01212     0.495    -5.117                6.24            42qP2107
  4355.752 106.00113     1.288    -3.730               3.464            AX44R045
  4355.758 606.01212     0.489    -4.045                6.24            42qP3202
  4355.762 606.01213     0.522    -5.379                6.24            20qR1247
  4355.767 606.01213     0.522    -5.460                6.24            20qR2346
  4355.776 606.01212     0.307    -3.783                6.24            31rQ2110
  4355.789 606.01212     0.683    -2.622                6.24            53qQ2f02
  4355.790 606.01212     0.683    -2.342                6.24            53qQ2e01
  4355.792 106.00113     1.105    -3.332               3.464            AX33P095
  4355.801 606.01212     0.989    -3.735                6.24            64qQ3e23
  4355.804 106.00113     1.105    -1.456               3.464            AX33Q095
  4355.806 606.01212     0.165   -12.006                6.24            20rP3120
  4355.808 106.00112     1.081    -3.276               3.464            AX33P085
  4355.816 606.01212     0.524    -4.008                6.24            42qR2312
  4355.823 606.01212     0.409    -5.025                6.24            31qP3224
  4355.825 606.01212     0.989    -3.583                6.24            64qQ2f24
  4355.831 606.01212     1.092    -3.833                6.24            75sR3212
  4355.835      62.0     0.036     -1.81                                        
  4355.837 606.01212     0.518    -3.499                6.24            42qQ2f12
  4355.843 106.00112     1.081    -1.502               3.464            AX33Q085
  4355.852 606.01212     0.685    -4.989                6.24            53qQ3e01
  4355.856 606.01212     0.312    -1.703                6.24            31rR2f10
  4355.860 606.01212     0.882    -1.658                6.24            64rR2f06
  4355.875      22.0     2.479     -3.64                                        
  4355.876 106.00113     1.865    -3.798               3.464            AX22R275
  4355.892      24.0     3.887     -1.59                                        
  4355.896 606.01212     0.115    -6.744                6.24            20sQ3112
  4355.897      28.0     3.633     -1.39                                        
  4355.898 606.01212     0.502    -6.089                6.24            42qP3208
  4355.901 606.01212     0.303    -7.018                6.24            31rP3109
  4355.907 106.00113     1.865    -1.054               3.464            AX22Q285
  4355.908 606.01212     1.167    -3.851                6.24            75rQ2124
  4355.911 606.01212     0.341    -5.346                6.24            20qP2136
  4355.912 606.01212     0.697    -3.674                6.24            53qR2307
  4355.923      58.1     0.976     -1.86                                 LAWLER 
  4355.930 606.01212     0.980    -3.736                6.24            64qQ3f22
  4355.932 606.01212     1.168    -3.869                6.24            75rQ3223
  4355.935 606.01212     0.879    -1.664                6.24            64rR1f06
  4355.943      23.0     0.017     -1.93                               LAWNOHFS 
  4355.952 606.01212     0.689    -3.954                6.24            53qQ3f04
  4355.992 106.00112     0.157    -1.747               3.464            AX00P095
  4355.993 606.01212     0.508    -2.997                6.24            42qQ1e11
  4355.998 606.01212     0.696    -3.527                6.24            53qR1208
  4356.002 606.01212     0.409    -3.674                6.24            31qQ1e25
  4356.007 606.01212     0.341    -5.438                6.24            20qP3235
  4356.012      60.1     1.328     -0.12                                        
  4356.012 606.01212     0.980    -4.112                6.24            64qR2322
  4356.013 606.01212     0.505    -3.413                6.24            42qQ2e09
  4356.015 606.01212     0.496    -4.757                6.24            42qP3206
  4356.017 606.01212     1.045    -0.830                6.24            42pP1f54
  4356.023 606.01212     0.883    -1.722                6.24            64rR3e05
  4356.027 106.00113     1.865    -1.054               3.464            AX22Q275
  4356.031 606.01212     0.873    -3.571                6.24            64rQ2103
  4356.034 106.00113     0.156    -1.795               3.464            AX00P085
  4356.043 606.01212     1.045    -0.838                6.24            42pP2e53
  4356.046 606.01212     0.312    -1.740                6.24            31rR3e09
  4356.058 106.00113     1.865    -3.817               3.464            AX22P285
  4356.059 606.01212     0.874    -3.760                6.24            64sR3201
  4356.059 606.01212     0.989    -3.473                6.24            64qR1224
  4356.065 106.00112     1.798    -1.053               3.464            AX22Q275
  4356.067 606.01212     0.308    -3.810                6.24            31rQ3209
  4356.069 106.00113     0.156    -3.312               3.464            AX00Q085
  4356.072      23.0     1.802     -1.92                                        
  4356.076 606.01213     0.162    -7.826                6.24            20sQ3120
  4356.085 606.01212     0.341    -4.347                6.24            20qQ2e35
  4356.091 606.01213     0.257    -8.686                6.24            20rP3130
  4356.099 606.01212     0.971    -4.598                6.24            64qP2123
  4356.099 606.01212     1.045    -4.323                6.24            42pQ1253
  4356.101 606.01212     0.409    -4.012                6.24            31qQ3e23
  4356.101 606.01212     0.989    -3.634                6.24            64qR2323
  4356.115 106.00112     1.108    -1.501               3.464            AX33Q085
  4356.117 606.01213     0.162    -7.630                6.24            20sQ3120
  4356.119 606.01213     0.257    -8.254                6.24            20rP3130
  4356.125 606.01212     0.514    -3.772                6.24            42qQ3f10
  4356.130 606.01212     0.491    -4.498                6.24            42qP3204
  4356.134 106.00112     1.798    -3.799               3.464            AX22R265
  4356.134 606.01213     0.124    -7.450                6.24            20tR3114
  4356.139 106.00112     1.108    -3.273               3.464            AX33R085
  4356.141 606.01212     1.045    -0.846                6.24            42pP3f52
  4356.144 106.00113     1.105    -1.501               3.464            AX33Q085
  4356.148 606.01212     0.498    -5.359                6.24            42qP3207
  4356.161 106.00112     1.798    -3.764               3.464            AX22P275
  4356.162 606.01212     1.167    -1.095                6.24            75rR1f24
  4356.163 606.01212     0.399    -4.911                6.24            31qP2124
  4356.168 106.00113     1.105    -3.285               3.464            AX33R085
  4356.171      25.0     4.682     -1.69                                        
  4356.171 606.01212     0.289    -5.990                6.24            31sQ3103
  4356.171 606.01212     0.490    -4.251                6.24            42qP3203
  4356.172 606.01212     0.878    -3.381                6.24            64rQ3204
  4356.177 606.01212     0.963    -4.513                6.24            64qR2320
  4356.185 606.01212     0.341    -4.234                6.24            20qQ1f36
  4356.186 606.01212     0.963    -3.792                6.24            64qQ3f20
  4356.187 606.01213     0.504    -5.679                6.24            20qP2147
  4356.188 606.01212     0.971    -4.610                6.24            64qP3222
  4356.194 606.01212     0.693    -3.490                6.24            53qR1207
  4356.196 606.01212     0.409    -3.837                6.24            31qQ2f24
  4356.203 606.01213     0.124    -7.210                6.24            20tR3114
  4356.206 606.01212     1.327    -6.321                6.24            86tR3121
  4356.209 606.01212     0.509    -3.779                6.24            42qQ3e09
  4356.221 606.01212     1.087    -5.897                6.24            75sQ3112
  4356.228      22.0     2.576     -0.86                                        
  4356.229 606.01212     0.686    -4.419                6.24            53qQ3f02
  4356.231 106.00112     1.798    -1.056               3.464            AX22Q265
  4356.233 606.01212     0.166    -4.406                6.24            20rQ3219
  4356.251 606.01212     0.694    -3.612                6.24            53qR2306
  4356.253 606.01212     0.490    -2.285                6.24            42rR3e01
  4356.253 606.01213     0.257    -4.863                6.24            20rQ2130
  4356.253 606.01213     0.504    -5.771                6.24            20qP3246
  4356.254 606.01212     0.493    -4.630                6.24            42qP3205
  4356.257 106.00112     0.389    -2.903               3.464            BX01Q045
  4356.257 606.01212     0.165    -4.388                6.24            20rQ2120
  4356.260      28.0     4.415     -4.18                                        
  4356.262      23.0     2.038     -6.41                                        
  4356.269 606.01212     1.168    -1.114                6.24            75rR2e23
  4356.273 106.00113     0.156    -1.747               3.464            AX00P095
  4356.279 606.01212     0.509    -3.341                6.24            42qQ2f10
  4356.284 106.00112     0.389    -5.307               3.464            BX01R045
  4356.289 606.01212     0.115    -4.568                6.24            20sR2112
  4356.292 606.01212     0.294    -4.046                6.24            31sR3204
  4356.293      23.0     2.581     -4.25                                        
  4356.293 606.01212     0.513    -3.956                6.24            42qR1211
  4356.296 606.01213     0.504    -4.763                6.24            20qQ2e46
  4356.309      72.0     0.566     -1.06                                        
  4356.315      23.0     2.377     -3.22                                        
  4356.317 606.01212     0.399    -5.058                6.24            31qP3223
  4356.327 106.00113     1.105    -3.322               3.464            AX33P095
  4356.338 606.01213     0.257    -4.872                6.24            20rQ3229
  4356.344 106.00112     0.342    -3.228               3.464            BX01P015
  4356.350 106.00112     1.108    -3.331               3.464            AX33P095
  4356.351 106.00113     1.105    -1.456               3.464            AX33Q095
  4356.351 606.01213     0.162    -5.083                6.24            20sR2120
  4356.355 106.00112     0.157    -1.795               3.464            AX00P085
  4356.355 606.01212     1.045    -4.325                6.24            42pQ2352
  4356.359 606.01212     0.341    -5.007                6.24            20qR1235
  4356.371 106.00112     1.108    -1.456               3.464            AX33Q095
  4356.372 606.01212     0.291    -4.097                6.24            31sR2104
  4356.374 606.01212     1.024    -0.838                6.24            42pP1e53
  4356.375 606.01212     0.488    -2.413                6.24            42rR2e01
  4356.383 606.01212     0.518    -4.253                6.24            42qR1212
  4356.389 106.00112     0.157    -3.312               3.464            AX00Q085
  4356.394 606.01212     0.971    -3.344                6.24            64qQ1e23
  4356.398 606.01212     0.342    -4.466                6.24            20qQ3f34
  4356.400 606.01212     0.518    -5.186                6.24            42qR2311
  4356.411 606.01212     1.045    -8.040                6.24            42pR1352
  4356.415 606.01212     0.691    -3.589                6.24            53qR2305
  4356.419 606.01212     1.159    -6.945                6.24            75rP3123
  4356.421 606.01213     0.504    -4.672                6.24            20qQ1f47
  4356.426 606.01212     0.501    -2.869                6.24            42qQ1e09
  4356.428 606.01213     0.257    -4.859                6.24            20rQ2130
  4356.430 606.01212     0.872    -3.595                6.24            64rQ2102
  4356.453 606.01212     0.303    -3.766                6.24            31rQ2109
  4356.454 606.01212     0.300    -6.718                6.24            31rP3108
  4356.462 606.01212     0.409    -4.334                6.24            31qR1224
  4356.462 606.01212     1.168    -1.131                6.24            75rR3f22
  4356.475 606.01212     0.409    -4.451                6.24            31qR2323
  4356.476 606.01212     0.342    -5.038                6.24            20qR2334
  4356.477 606.01212     1.024    -0.847                6.24            42pP2f52
  4356.493 606.01212     0.876    -1.774                6.24            64rR1e05
  4356.495 606.01212     0.971    -3.719                6.24            64qQ3e21
  4356.498 606.01212     0.399    -3.819                6.24            31qQ2e23
  4356.504 606.01212     0.307    -1.705                6.24            31rR1f10
  4356.509      21.0     3.055     -2.45                                        
  4356.514 606.01212     0.876    -3.408                6.24            64rQ3203
  4356.514 606.01213     0.162    -5.117                6.24            20sR2120
  4356.516 606.01213     0.257    -4.858                6.24            20rQ3229
  4356.518 606.01212     0.514    -3.982                6.24            42qR2310
  4356.530 606.01213     0.504    -5.428                6.24            20qR1246
  4356.534 606.01212     1.447    -7.292                6.24            86sQ3133
  4356.550 606.01212     1.087    -3.712                6.24            75sR2112
  4356.556 606.01212     0.399    -3.650                6.24            31qQ1f24
  4356.560 606.01212     0.880    -1.744                6.24            64rR2e05
  4356.560 606.01212     1.159    -3.832                6.24            75rQ2123
  4356.560 606.01213     0.163    -5.219                6.24            20sR3219
  4356.565 606.01212     1.024    -4.304                6.24            42pQ2351
  4356.567 606.01212     0.690    -3.457                6.24            53qR1206
  4356.576 606.01212     1.070    -5.696                6.24            75tR3107
  4356.587      24.0     3.102     -3.11                                        
  4356.591 606.01213     0.504    -4.857                6.24            20qQ3f45
  4356.593 606.01212     0.165    -1.772                6.24            20rR1f20
  4356.593 606.01212     0.971    -3.524                6.24            64qQ2f22
  4356.593 606.01213     0.257    -1.902                6.24            20rR1e30
  4356.594 106.00112     0.157    -1.747               3.464            AX00P095
  4356.599 606.01212     1.024    -4.313                6.24            42pQ1252
  4356.609      25.0     4.709     -0.98                                        
  4356.621      25.1     5.414     -2.03                                        
  4356.626 606.01212     0.506    -3.828                6.24            42qQ3f08
  4356.627 606.01212     1.024    -0.855                6.24            42pP3e51
  4356.634 606.01213     0.504    -5.443                6.24            20qR2345
  4356.641 606.01213     0.257    -1.902                6.24            20rR1f30
  4356.650 606.01213     0.257    -1.916                6.24            20rR2f29
  4356.660 606.01213     0.163    -5.177                6.24            20sR3219
  4356.666 606.01212     0.954    -4.844                6.24            64qP2121
  4356.668      23.0     2.330     -3.22                                        
  4356.675 606.01213     0.257    -1.916                6.24            20rR2e29
  4356.678 606.01212     0.166    -1.793                6.24            20rR2e19
  4356.684 606.01212     0.502    -3.826                6.24            42qQ3e07
  4356.687 606.01212     1.024    -7.361                6.24            42pR1351
  4356.689 106.00112     0.389    -5.241               3.464            BX01P055
  4356.707 106.00112     1.108    -1.501               3.464            AX33Q085
  4356.707 606.01212     0.498    -2.812                6.24            42qQ1f08
  4356.708 106.00113     1.135    -3.319               3.464            AX33R095
  4356.708 606.01212     0.116    -4.710                6.24            20sR3211
  4356.713 606.01213     0.504    -5.752                6.24            20qP2147
  4356.716 106.00113     1.135    -1.455               3.464            AX33Q095
  4356.719 106.00112     0.389    -2.815               3.464            BX01Q055
  4356.719 606.01212     0.502    -3.271                6.24            42qQ2f08
  4356.725 606.01213     0.504    -5.767                6.24            20qP3246
  4356.727 106.00112     1.108    -3.285               3.464            AX33R085
  4356.744      58.1     0.896     -1.15                                 LAWLER 
  4356.745 606.01213     0.257    -1.931                6.24            20rR3e28
  4356.755      24.0     3.008     -1.16                                 SOBECK 
  4356.759 606.01212     0.495    -2.711                6.24            42qQ1e07
  4356.784 606.01212     0.308    -1.746                6.24            31rR2e09
  4356.784 606.01212     1.447    -4.214                6.24            86sR2133
  4356.786      23.0     2.113     -1.21                                        
  4356.789 606.01213     0.257    -1.931                6.24            20rR3f28
  4356.791 606.01212     0.955    -4.797                6.24            64qP3220
  4356.793      28.0     3.938     -2.97                                        
  4356.796 606.01212     0.881    -1.819                6.24            64rR3f04
  4356.799 606.01212     0.688    -3.431                6.24            53qR1205
  4356.800 606.01212     0.689    -3.545                6.24            53qR2304
  4356.805      20.0     5.983     -4.06                                        
  4356.807 606.01212     0.504    -3.168                6.24            42qQ1f10
  4356.825 606.01213     0.504    -4.673                6.24            20qQ1e47
  4356.827 606.01212     0.498    -3.228                6.24            42qQ2e07
  4356.832 606.01212     0.166    -1.814                6.24            20rR3f18
  4356.835 606.01212     0.400    -4.004                6.24            31qQ3f22
  4356.839      41.0     1.608     -1.12                                        
  4356.843 606.01213     0.504    -4.857                6.24            20qQ3e45
  4356.846 606.01212     0.685    -2.497                6.24            53pP3e01
  4356.861      24.0     3.008     -1.16                                        
  4356.871 606.01212     0.682    -2.242                6.24            53pP1e03
  4356.884 606.01212     1.447    -4.241                6.24            86sR3232
  4356.886 106.00112     1.109    -3.322               3.464            AX33P095
  4356.887 606.01212     0.971    -4.138                6.24            64qR1222
  4356.890 606.01212     0.399    -4.361                6.24            31qR1223
  4356.900      27.0     3.620     -0.95                                        
  4356.900 606.01212     0.971    -4.231                6.24            64qR2321
  4356.907 106.00112     1.109    -1.456               3.464            AX33Q095
  4356.912 606.01212     1.159    -1.113                6.24            75rR1e23
  4356.914 606.01212     1.159    -3.831                6.24            75rQ3222
  4356.915 106.00113     1.135    -1.415               3.464            AX33Q105
  4356.915 106.00113     1.135    -3.374               3.464            AX33P105
  4356.918 606.01212     0.492    -2.622                6.24            42qQ1f06
  4356.928 606.01212     0.939    -3.593                6.24            64qP2119
  4356.936 606.01212     0.509    -3.947                6.24            42qR2309
  4356.937 606.01212     0.687    -3.521                6.24            53qR2303
  4356.940 606.01212     0.875    -1.970                6.24            64rR1f04
  4356.947 606.01212     0.683    -2.314                6.24            53pP2f02
  4356.975 606.01213     0.504    -4.763                6.24            20qQ2f46
  4356.976 606.01212     0.506    -4.309                6.24            42qR2308
  4356.985 606.01212     0.496    -4.027                6.24            42qQ3e05
  4356.986 606.01212     0.490    -2.511                6.24            42qQ1e05
  4356.987 606.01212     0.390    -5.002                6.24            31qP2123
  4357.006 606.01212     0.954    -3.291                6.24            64qQ1e21
  4357.008      72.0     0.699     -1.77                                        
  4357.015 606.01212     0.400    -4.414                6.24            31qR2322
  4357.015 606.01212     0.509    -3.796                6.24            42qR1210
  4357.018      20.0     5.736     -4.64                                        
  4357.025      23.0     2.113     -1.93                                        
  4357.029 606.01212     0.308    -1.786                6.24            31rR3f08
  4357.033      25.0     3.132     -5.06                                        
  4357.042 606.01212     0.158    -8.963                6.24            20rP3119
  4357.044      26.0     4.151     -3.68                                        
  4357.051 606.01212     1.150    -7.308                6.24            75rP3122
  4357.054 106.00113     0.750    -2.040               3.464            AX22P065
  4357.054 606.01212     1.159    -1.133                6.24            75rR2f22
  4357.059      23.0     2.503     -6.70                                        
  4357.065 606.01212     0.288    -6.108                6.24            31sQ3102
  4357.069 606.01212     0.488    -2.390                6.24            42qQ1f04
  4357.069 606.01212     1.088    -3.851                6.24            75sR3211
  4357.074 606.01212     0.490    -2.583                6.24            42rR3f00
  4357.079 106.00113     0.408    -2.816               3.464            BX01Q055
  4357.079      24.0     2.965     -3.68                                        
  4357.086 106.00112     0.896    -2.390               3.464            BX01R175
  4357.086 106.00113     1.145    -2.812               3.464            BX10R265
  4357.087 606.01212     0.390    -5.062                6.24            31qP3222
  4357.087 606.01213     0.504    -5.372                6.24            20qR1246
  4357.093 606.01213     0.504    -5.455                6.24            20qR2345
  4357.107      22.0     3.177     -2.38                                        
  4357.112 606.01212     0.487    -2.244                6.24            42qQ1e03
  4357.115 106.00113     0.408    -5.356               3.464            BX01R055
  4357.130 606.01212     0.304    -3.750                6.24            31rQ3208
  4357.133 106.00113     0.750    -3.256               3.464            AX22Q065
  4357.133 606.01212     0.955    -3.705                6.24            64qQ3e19
  4357.139 606.01212     0.493    -3.090                6.24            42qQ2e05
  4357.143      24.1     5.869     -3.78                                        
  4357.144 606.01212     0.486    -2.060                6.24            42qQ1f02
  4357.168      27.0     4.046     -3.17                                        
  4357.181 606.01212     0.686    -3.426                6.24            53qR1204
  4357.186 606.01212     0.297    -6.543                6.24            31rP3107
  4357.193 106.00112     0.896    -7.181               3.464            BX01Q185
  4357.204 606.01212     0.875    -3.357                6.24            64rQ3202
  4357.207 606.01212     0.955    -3.491                6.24            64qQ2f20
  4357.212 606.01212     0.940    -4.432                6.24            64qP3218
  4357.212 606.01212     1.004    -0.846                6.24            42pP1f52
  4357.215 606.01212     0.097    -6.635                6.24            20tR3107
  4357.226 606.01212     1.159    -1.150                6.24            75rR3e21
  4357.238 606.01212     0.878    -1.915                6.24            64rR2f04
  4357.239 606.01212     1.004    -0.855                6.24            42pP2e51
  4357.242 606.01212     0.947    -5.014                6.24            64qP2120
  4357.251      23.0     2.129     -3.08                                        
  4357.259      23.1     6.491     -1.43                                        
  4357.271 606.01212     0.499    -3.884                6.24            42qQ3f06
  4357.273 106.00112     0.896    -2.345               3.464            BX01R185
  4357.279 606.01212     0.496    -3.227                6.24            42qQ2f06
  4357.284 606.01212     0.390    -3.626                6.24            31qQ1e23
  4357.286 606.01212     0.300    -3.733                6.24            31rQ2108
  4357.287 106.00112     1.139    -1.455               3.464            AX33Q095
  4357.291 606.01212     0.158    -4.373                6.24            20rQ2119
  4357.297 106.00112     1.139    -3.319               3.464            AX33R095
  4357.300 606.01212     0.111    -6.840                6.24            20sQ3111
  4357.302 606.01212     1.004    -4.306                6.24            42pQ1251
  4357.303      28.1     6.468     -6.27                                        
  4357.325 606.01212     1.083    -5.946                6.24            75sQ3111
  4357.326      42.0     3.031     -1.34                                        
  4357.332 606.01212     0.327    -5.447                6.24            20qP2135
  4357.337      20.0     5.737     -4.69                                        
  4357.338 606.01212     1.004    -0.863                6.24            42pP3f50
  4357.339      23.0     1.217     -3.68                                        
  4357.353 606.01212     0.328    -5.484                6.24            20qP3234
  4357.358      20.0     5.927     -3.73                                        
  4357.358      23.1     6.161     -4.62                                        
  4357.358 606.01212     0.303    -1.749                6.24            31rR1e09
  4357.382 606.01212     0.381    -4.944                6.24            31qP2122
  4357.385 606.01212     0.683    -1.988                6.24            53pP1f04
  4357.387 606.01212     1.435    -7.115                6.24            86sQ3132
  4357.391 606.01212     0.490    -2.878                6.24            42qQ2e03
  4357.394 606.01212     0.390    -3.994                6.24            31qQ3e21
  4357.394 606.01212     0.492    -4.204                6.24            42qQ3e03
  4357.394 606.01212     0.947    -5.102                6.24            64qP3219
  4357.410 606.01212     1.150    -3.814                6.24            75rQ2122
  4357.412 606.01212     0.874    -3.529                6.24            64rQ3201
  4357.418 106.00113     1.136    -1.455               3.464            AX33Q095
  4357.419 606.01212     0.491    -3.003                6.24            42qQ2f04
  4357.425 606.01212     0.686    -3.542                6.24            53qR2302
  4357.430 106.00113     0.408    -5.330               3.464            BX01P065
  4357.432 106.00113     1.136    -3.332               3.464            AX33R095
  4357.437      23.0     1.798     -1.44                                        
  4357.439 106.00113     0.750    -2.039               3.464            AX22P065
  4357.441      23.0     2.364     -0.95                                        
  4357.443      21.0     2.292     -1.38                                        
  4357.445 606.01212     0.879    -1.955                6.24            64rR3e03
  4357.445 606.01212     1.435    -4.175                6.24            86sR2132
  4357.450 606.01212     0.932    -4.679                6.24            64qP2118
  4357.452 606.01212     0.289    -4.230                6.24            31sR2103
  4357.456 606.01212     1.151    -3.834                6.24            75rQ3221
  4357.460 106.00113     0.750    -1.974               3.464            AX22P075
  4357.462 106.00113     0.408    -2.739               3.464            BX01Q065
  4357.471 106.00112     0.752    -2.040               3.464            AX22P065
  4357.478 106.00112     2.279   -10.251               3.464            CX15R225
  4357.483 606.01212     0.684    -3.436                6.24            53qR1203
  4357.486 606.01212     0.390    -3.803                6.24            31qQ2f22
  4357.486 606.01212     0.684    -2.060                6.24            53pP2e03
  4357.493      24.0     3.963     -3.38                                        
  4357.496      59.1     1.374     -0.50                                        
  4357.497 106.00112     1.139    -3.374               3.464            AX33P105
  4357.497 606.01213     0.486    -5.682                6.24            20qP2146
  4357.500 606.01212     0.327    -4.219                6.24            20qQ1e35
  4357.503 106.00112     1.139    -1.415               3.464            AX33Q105
  4357.505 606.01212     0.502    -3.837                6.24            42qR2307
  4357.514      22.0     2.343     -4.84                                        
  4357.517 606.01212     0.686    -2.189                6.24            53pP3f02
  4357.519 106.00113     0.750    -3.269               3.464            AX22Q065
  4357.520      24.0     3.365     -1.24                                        
  4357.523 606.01213     0.246    -8.715                6.24            20rP3129
  4357.525      26.0     3.957     -3.68                                        
  4357.527 606.01212     0.940    -3.673                6.24            64qQ2f18
  4357.530 606.01212     0.328    -4.458                6.24            20qQ3e33
  4357.532 106.00112     2.279    -8.219               3.464            CX15Q235
  4357.542 606.01212     0.488    -2.426                6.24            42qQ2e01
  4357.544 606.01212     0.489    -2.708                6.24            42qQ2f02
  4357.544 606.01212     0.985    -0.855                6.24            42pP1e51
  4357.547 606.01212     0.955    -3.933                6.24            64qR1220
  4357.549 106.00112     0.752    -3.256               3.464            AX22Q065
  4357.549 606.01212     0.955    -4.041                6.24            64qR2319
  4357.552 606.01212     0.381    -5.104                6.24            31qP3221
  4357.553 106.00113     0.388    -4.203               3.464            AX11P045
  4357.553 606.01212     0.490    -5.073                6.24            42qQ3e01
  4357.553 606.01213     0.246    -8.270                6.24            20rP3129
  4357.558 606.01212     1.004    -4.309                6.24            42pQ2350
  4357.559      21.0     4.602     -1.75                                        
  4357.564 606.01213     0.486    -5.775                6.24            20qP3245
  4357.570 606.01212     0.295    -6.376                6.24            31rP3106
  4357.573 106.00113     1.136    -3.363               3.464            AX33P105
  4357.574 606.01212     0.939    -3.232                6.24            64qQ1e19
  4357.579      20.0     4.677     -2.64                                        
  4357.584 106.00113     1.136    -1.415               3.464            AX33Q105
  4357.584      26.1     6.083     -2.11                                        
  4357.588 606.01212     0.685    -3.566                6.24            53qR2301
  4357.595 606.01212     0.940    -3.786                6.24            64qQ3e17
  4357.611 606.01213     0.486    -4.753                6.24            20qQ2e45
  4357.613 606.01212     1.435    -4.270                6.24            86sR3231
  4357.613      90.1     0.189     -2.17                               Nils02/10
  4357.615 606.01212     0.494    -4.052                6.24            42qQ3f04
  4357.620 606.01212     1.004    -7.957                6.24            42pR1350
  4357.626 106.00112     2.279    -7.359               3.464            CX15Q225
  4357.635      23.0     2.614     -6.59                                        
  4357.640 606.01212     0.158    -4.366                6.24            20rQ3218
  4357.645 606.01212     0.985    -0.864                6.24            42pP2f50
  4357.659 606.01212     0.502    -3.676                6.24            42qR1208
  4357.663 606.01212     0.328    -4.336                6.24            20qQ2f34
  4357.671 606.01212     0.933    -4.813                6.24            64qP3217
  4357.680 106.00112     2.279   -10.301               3.464            CX15P235
  4357.684 606.01212     0.304    -1.795                6.24            31rR2f08
  4357.689 606.01212     0.947    -3.521                6.24            64qQ2e19
  4357.692 606.01212     0.292    -4.075                6.24            31sR3203
  4357.692 606.01212     1.150    -1.132                6.24            75rR1f22
  4357.697 606.01213     0.246    -4.849                6.24            20rQ2129
  4357.699 606.01212     0.926    -4.214                6.24            64qP2117
  4357.723 606.01212     0.301    -3.757                6.24            31rQ3207
  4357.726      39.0     2.083      0.09                                        
  4357.735 606.01213     0.486    -4.661                6.24            20qQ1f46
  4357.737 606.01212     0.158    -1.793                6.24            20rR1e19
  4357.741 106.00113     0.692    -4.323               3.464            AX22P035
  4357.741 606.01212     0.985    -4.287                6.24            42pQ2349
  4357.760 606.01212     0.381    -3.783                6.24            31qQ2e21
  4357.761 606.01212     0.872    -3.886                6.24            64qP2102
  4357.772 106.00113     0.388    -4.218               3.464            AX11P045
  4357.777 606.01212     0.985    -4.296                6.24            42pQ1250
  4357.783 606.01213     0.246    -4.858                6.24            20rQ3228
  4357.784 606.01212     0.390    -4.297                6.24            31qR1222
  4357.793 106.00113     0.750    -1.974               3.464            AX22P075
  4357.793      42.0     3.277     -1.78                                        
  4357.793 606.01212     0.390    -4.420                6.24            31qR2321
  4357.794 606.01212     0.985    -0.872                6.24            42pP3e49
  4357.796      22.0     3.111     -3.89                                        
  4357.797 606.01212     0.947    -3.316                6.24            64qQ1f20
  4357.805 606.01212     0.920    -4.659                6.24            64qP2116
  4357.809 606.01212     0.381    -3.599                6.24            31qQ1f22
  4357.816 606.01212     1.151    -1.152                6.24            75rR2e21
  4357.818 606.01212     0.505    -3.616                6.24            42qR1209
  4357.819 606.01213     0.155    -7.762                6.24            20sQ3119
  4357.832 606.01212     0.328    -4.931                6.24            20qR1234
  4357.837 606.01212     1.320    -6.529                6.24            86tR3120
  4357.841 606.01212     0.328    -5.018                6.24            20qR2333
  4357.848      28.0     4.232     -1.98                                        
  4357.850 606.01213     0.486    -5.421                6.24            20qR1245
  4357.859 106.00112     0.752    -2.039               3.464            AX22P065
  4357.865 606.01212     0.158    -1.816                6.24            20rR2f18
  4357.867      25.0     3.133     -3.70                                        
  4357.869 606.01213     0.155    -7.567                6.24            20sQ3119
  4357.869 606.01213     0.246    -4.845                6.24            20rQ2129
  4357.872 606.01212     0.985    -7.311                6.24            42pR1349
  4357.873 106.00112     0.752    -1.974               3.464            AX22P075
  4357.874 606.01212     0.297    -3.722                6.24            31rQ2107
  4357.875 606.01212     0.926    -4.335                6.24            64qP3216
  4357.882 106.00113     0.692    -4.336               3.464            AX22P035
  4357.883 606.01212     1.142    -6.991                6.24            75rP3121
  4357.889 606.01212     1.083    -3.693                6.24            75sR2111
  4357.894      22.0     3.145     -3.65                                        
  4357.894 606.01212     0.685    -1.843                6.24            53pP1e05
  4357.899      62.0     0.387     -0.96                                        
  4357.900 606.01212     0.683    -3.486                6.24            53qR1202
  4357.902      58.1     1.140     -0.78                                        
  4357.903 606.01212     0.305    -1.838                6.24            31rR3e07
  4357.907 606.01213     0.487    -4.850                6.24            20qQ3f44
  4357.910 606.01212     0.940    -4.182                6.24            64qR2317
  4357.916 106.00112     0.389    -4.202               3.464            AX11P045
  4357.928 606.01212     0.491    -4.490                6.24            42qQ3f02
  4357.936 106.00112     1.291    -3.745               3.464            AX44R045
  4357.938 106.00112     0.752    -3.269               3.464            AX22Q065
  4357.940      26.0     3.637     -3.60                                        
  4357.948 606.01212     0.876    -1.952                6.24            64rR2e03
  4357.949 606.01212     0.499    -3.684                6.24            42qR2306
  4357.951 606.01212     0.111    -4.560                6.24            20sR2111
  4357.954 606.01213     0.487    -5.437                6.24            20qR2344
  4357.962 606.01212     0.873    -4.546                6.24            64qP2103
  4357.962 606.01212     0.933    -3.437                6.24            64qQ2e17
  4357.964 606.01213     0.246    -4.844                6.24            20rQ3228
  4357.967 606.01212     0.314    -5.358                6.24            20qP2134
  4357.975      76.0     1.907     -1.66                                        
  4357.982 606.01212     0.498    -3.552                6.24            42qR1207
  4357.992 606.01212     0.947    -3.738                6.24            64qQ3f18
  4357.999 606.01212     0.932    -3.213                6.24            64qQ1f18
  4358.003 106.00112     1.139    -1.454               3.464            AX33Q095
  4358.004 106.00113     1.799   -12.129               3.464            CX04Q195
  4358.004 606.01213     0.486    -5.754                6.24            20qP2146
  4358.009 106.00112     1.139    -3.332               3.464            AX33R095
  4358.018 606.01212     0.158    -1.838                6.24            20rR3e17
  4358.018 606.01213     0.487    -5.770                6.24            20qP3245
  4358.019 606.01212     1.151    -1.171                6.24            75rR3f20
  4358.033 106.00113     1.168    -3.361               3.464            AX33R105
  4358.036 606.01212     0.686    -1.911                6.24            53pP2f04
  4358.042 106.00112     1.291    -3.730               3.464            AX44R045
  4358.046 606.01213     0.246    -1.916                6.24            20rR1e29
  4358.049 606.01212     1.142    -3.794                6.24            75rQ2121
  4358.053 106.00113     1.168    -1.414               3.464            AX33Q105
  4358.062 606.01212     0.914    -4.421                6.24            64qP2115
  4358.062 606.01212     1.067    -5.836                6.24            75tR3106
  4358.066 606.01212     0.314    -5.456                6.24            20qP3233
  4358.076      26.0     4.603     -1.20                                        
  4358.080 606.01212     0.920    -4.748                6.24            64qP3215
  4358.089 606.01212     0.926    -3.166                6.24            64qQ1e17
  4358.091 606.01212     0.875    -4.258                6.24            64qP2104
  4358.092 606.01213     0.246    -1.916                6.24            20rR1f29
  4358.102 606.01212     0.382    -3.987                6.24            31qQ3f20
  4358.106 606.01212     0.687    -2.011                6.24            53pP3e03
  4358.107 606.01213     0.246    -1.931                6.24            20rR2f28
  4358.113 606.01212     0.150    -9.484                6.24            20rP3118
  4358.116 606.01212     0.908    -4.712                6.24            64qP2114
  4358.119 606.01213     0.155    -5.059                6.24            20sR2119
  4358.120 606.01213     0.486    -4.662                6.24            20qQ1e46
  4358.124 606.01212     0.373    -5.039                6.24            31qP2121
  4358.125   60.1143     0.320    -2.218                                Lawler  
  4358.129 606.01213     0.246    -1.931                6.24            20rR2e28
  4358.135   60.1143     0.320    -0.908                                Lawler  
  4358.135   60.1143     0.320    -1.994                                Lawler  
  4358.137 106.00112     0.389    -4.218               3.464            AX11P045
  4358.140 606.01213     0.487    -4.850                6.24            20qQ3e44
  4358.143 106.00112     1.139    -1.415               3.464            AX33Q105
  4358.143   60.1143     0.320    -0.995                                Lawler  
  4358.144   60.1143     0.320    -1.906                                Lawler  
  4358.145   60.1145     0.320    -2.218                                Lawler  
  4358.148      76.0     3.782      0.09                                        
  4358.150   60.1142     0.320    -0.160                                Lawler  
  4358.151 106.00112     1.139    -3.363               3.464            AX33P105
  4358.151   60.1143     0.320    -1.084                                Lawler  
  4358.151   60.1145     0.320    -0.908                                Lawler  
  4358.151   60.1145     0.320    -1.994                                Lawler  
  4358.152   60.1143     0.320    -1.885                                Lawler  
  4358.152   60.1143     0.320    -2.218                                Lawler  
  4358.152 606.01212     0.293    -6.180                6.24            31rP3105
  4358.156 106.00112     0.694    -4.323               3.464            AX22P035
  4358.157   60.1145     0.320    -0.995                                Lawler  
  4358.157   60.1145     0.320    -1.906                                Lawler  
  4358.158   60.1143     0.320    -1.173                                Lawler  
  4358.159   60.1143     0.320    -1.917                                Lawler  
  4358.159   60.1143     0.320    -1.994                                Lawler  
  4358.159 606.01212     0.314    -4.322                6.24            20qQ2e33
  4358.160   60.1144     0.320    -0.160                                Lawler  
  4358.161   60.1145     0.320    -1.084                                Lawler  
  4358.162   60.1145     0.320    -1.885                                Lawler  
  4358.162   60.1145     0.320    -2.218                                Lawler  
  4358.164   60.1143     0.320    -1.258                                Lawler  
  4358.165   60.1143     0.320    -2.012                                Lawler  
  4358.166   60.1143     0.320    -1.906                                Lawler  
  4358.166   60.1145     0.320    -1.173                                Lawler  
  4358.166   60.1145     0.320    -1.917                                Lawler  
  4358.167   60.1145     0.320    -1.994                                Lawler  
  4358.169   60.1143     0.320    -1.336                                Lawler  
  4358.169   60.1145     0.320    -1.258                                Lawler  
  4358.169   60.1146     0.320    -0.160                                Lawler  
  4358.170   60.1143     0.320    -2.235                                Lawler  
  4358.170   60.1145     0.320    -1.906                                Lawler  
  4358.170   60.1145     0.320    -2.012                                Lawler  
  4358.171      24.0     4.821     -3.25                                        
  4358.171   60.1143     0.320    -1.885                                Lawler  
  4358.173   60.1145     0.320    -1.336                                Lawler  
  4358.173   60.1145     0.320    -1.885                                Lawler  
  4358.173   60.1145     0.320    -2.235                                Lawler  
  4358.173 606.01212     0.940    -3.846                6.24            64qR1218
  4358.174   60.1143     0.320    -1.397                                Lawler  
  4358.175   60.1143     0.320    -1.917                                Lawler  
  4358.175   60.1145     0.320    -1.397                                Lawler  
  4358.176   60.1145     0.320    -1.917                                Lawler  
  4358.177   60.1143     0.320    -1.427                                Lawler  
  4358.177   60.1145     0.320    -1.427                                Lawler  
  4358.178   60.1143     0.320    -2.012                                Lawler  
  4358.178   60.1145     0.320    -2.012                                Lawler  
  4358.178   60.1148     0.320    -0.160                                Lawler  
  4358.180   60.1145     0.320    -2.235                                Lawler  
  4358.181   60.1143     0.320    -2.235                                Lawler  
  4358.187 606.01212     0.381    -4.318                6.24            31qR1221
  4358.191   60.1150     0.320    -0.160                                Lawler  
  4358.200 106.00113     0.520    -1.777               3.464            AX11P095
  4358.200 606.01212     0.300    -1.799                6.24            31rR1f08
  4358.203 606.01213     0.246    -1.946                6.24            20rR3e27
  4358.213 106.00113     1.168    -1.378               3.464            AX33Q115
  4358.215 106.00112     0.752    -1.974               3.464            AX22P075
  4358.218 106.00113     0.520    -3.351               3.464            AX11Q095
  4358.233 106.00113     1.168    -3.414               3.464            AX33P115
  4358.241 606.01212     0.373    -5.110                6.24            31qP3220
  4358.245 606.01212     0.947    -3.700                6.24            64qR1219
  4358.245 606.01213     0.246    -1.946                6.24            20rR3f27
  4358.249 606.01212     0.496    -3.748                6.24            42qR2305
  4358.256 606.01212     0.314    -4.203                6.24            20qQ1f34
  4358.266 606.01212     0.899    -4.784                6.24            64qP2112
  4358.268      42.1     4.552     -1.00                                        
  4358.272 606.01213     0.487    -4.754                6.24            20qQ2f45
  4358.274 606.01213     0.155    -5.091                6.24            20sR2119
  4358.275 106.00113     1.909   -10.406               3.464            CX15Q165
  4358.276      20.0     4.677     -3.21                                        
  4358.280 606.01212     0.873    -2.172                6.24            64rR1e03
  4358.280 606.01212     0.914    -4.547                6.24            64qP3214
  4358.281 606.01212     0.877    -2.077                6.24            64rR3f02
  4358.283 606.01212     0.684    -3.795                6.24            53qR2300
  4358.287 606.01212     0.947    -3.771                6.24            64qR2318
  4358.291 606.01212     0.496    -3.588                6.24            42qR1206
  4358.292 606.01213     0.119    -7.406                6.24            20tR3113
  4358.293 606.01212     0.291    -6.172                6.24            31rP3104
  4358.298 106.00112     0.694    -4.336               3.464            AX22P035
  4358.306      25.0     3.133     -3.85                                        
  4358.307 606.01212     0.926    -3.666                6.24            64qQ3e15
  4358.308 606.01212     0.683    -3.565                6.24            53qR1201
  4358.311 606.01212     0.382    -4.377                6.24            31qR2320
  4358.314 606.01212     0.933    -3.688                6.24            64qQ3f16
  4358.317 606.01212     0.111    -4.641                6.24            20sR3210
  4358.320 606.01212     0.288    -4.539                6.24            31sR2102
  4358.320      90.0     1.336     -0.48                                        
  4358.321 606.01212     0.876    -4.543                6.24            64qP2105
  4358.323      80.0     4.883     -0.38                                        
  4358.325 606.01212     0.903    -4.566                6.24            64qP2113
  4358.330 606.01212     0.965    -0.864                6.24            42pP1f50
  4358.343 606.01213     0.155    -5.198                6.24            20sR3218
  4358.357 606.01212     1.084    -3.784                6.24            75sR3210
  4358.358 606.01212     0.965    -0.873                6.24            42pP2e49
  4358.367 606.01213     0.119    -7.170                6.24            20tR3113
  4358.368 606.01212     0.926    -3.398                6.24            64qQ2f16
  4358.388 606.01213     0.487    -5.366                6.24            20qR1245
  4358.394 606.01212     0.920    -3.133                6.24            64qQ1f16
  4358.394 606.01213     0.487    -5.450                6.24            20qR2344
  4358.395 606.01212     0.687    -1.741                6.24            53pP1f06
  4358.399 606.01212     0.920    -3.385                6.24            64qQ2e15
  4358.406 606.01212     0.874    -3.852                6.24            64qP3201
  4358.411 606.01212     0.879    -7.019                6.24            64qP2106
  4358.412 606.01212     0.288    -6.450                6.24            31rP3102
  4358.425 606.01212     1.143    -3.793                6.24            75rQ3220
  4358.428 606.01212     0.965    -4.289                6.24            42pQ1249
  4358.433 606.01212     1.142    -1.152                6.24            75rR1e21
  4358.434 606.01213     0.155    -5.154                6.24            20sR3218
  4358.443 106.00113     0.520    -1.735               3.464            AX11P105
  4358.448 606.01212     0.314    -4.984                6.24            20qR1233
  4358.450      66.1     0.100     -1.65                                 LAWLER 
  4358.454 606.01212     0.909    -4.843                6.24            64qP3213
  4358.458 606.01212     0.965    -0.881                6.24            42pP3f48
  4358.460 606.01212     0.373    -3.572                6.24            31qQ1e21
  4358.472 606.01212     0.314    -4.449                6.24            20qQ3f32
  4358.483 606.01212     0.365    -4.988                6.24            31qP2120
  4358.500 606.01212     0.494    -3.647                6.24            42qR2304
  4358.500 606.01212     1.135    -7.392                6.24            75rP3120
  4358.501      26.0     2.947     -1.57                                  BEL17 
  4358.511 606.01212     0.933    -3.700                6.24            64qR1217
  4358.526      25.0     3.761     -5.68                                        
  4358.535 606.01212     0.914    -3.088                6.24            64qQ1e15
  4358.542 606.01212     0.688    -1.802                6.24            53pP2e05
  4358.543      24.0     3.090     -1.97                                        
  4358.556 606.01212     0.875    -4.231                6.24            64qP3202
  4358.557 606.01212     0.301    -1.849                6.24            31rR2e07
  4358.561      42.0     2.913     -1.86                                        
  4358.565 606.01212     0.314    -5.019                6.24            20qR2332
  4358.567 106.00112     0.522    -1.777               3.464            AX11P095
  4358.569 606.01212     1.079    -5.726                6.24            75sQ3110
  4358.571 606.01212     0.490    -2.582                6.24            42pP3e01
  4358.575 606.01212     0.295    -3.700                6.24            31rQ2106
  4358.576 606.01212     0.493    -3.520                6.24            42qR1205
  4358.582 606.01212     0.373    -3.977                6.24            31qQ3e19
  4358.583 106.00112     0.522    -3.351               3.464            AX11Q095
  4358.590 606.01212     0.884    -8.765                6.24            64qP2108
  4358.592 606.01212     1.143    -1.173                6.24            75rR2f20
  4358.593      20.0     4.128     -4.27                                        
  4358.593 606.01212     0.881    -6.461                6.24            64qP2107
  4358.600 606.01212     0.150    -4.346                6.24            20rQ2118
  4358.604 606.01212     0.151    -4.366                6.24            20rQ3217
  4358.606 606.01212     0.933    -3.787                6.24            64qR2316
  4358.612 106.00113     1.800    -8.343               3.464            CX04R185
  4358.617 606.01212     0.904    -4.707                6.24            64qP3212
  4358.618 606.01212     0.890    -5.594                6.24            64qP2110
  4358.618 606.01212     1.423    -7.221                6.24            86sQ3131
  4358.623 606.01212     0.872    -2.294                6.24            64rR1f02
  4358.634 606.01212     0.946    -0.872                6.24            42pP1e49
  4358.635 606.01212     0.875    -2.137                6.24            64rR2f02
  4358.638      24.0     3.110     -1.31                                        
  4358.641 606.01212     0.289    -6.068                6.24            31rP3103
  4358.651 106.00112     1.172    -3.361               3.464            AX33R105
  4358.651      21.0     1.985     -0.48                                        
  4358.657 106.00112     1.172    -1.414               3.464            AX33Q105
  4358.664 106.00113     1.799    -7.874               3.464            CX04R195
  4358.668 606.01212     0.689    -1.883                6.24            53pP3f04
  4358.670 606.01212     0.373    -3.765                6.24            31qQ2f20
  4358.674 606.01212     0.365    -5.166                6.24            31qP3219
  4358.678      75.0     1.435     -1.08                                        
  4358.684      26.0     3.015     -2.07                                        
  4358.684 606.01212     0.492    -3.625                6.24            42qR2303
  4358.684 606.01212     0.965    -4.292                6.24            42pQ2348
  4358.690      60.1     0.559     -0.94                                 LAWLER 
  4358.696 606.01212     0.887    -5.664                6.24            64qP2109
  4358.706 106.00113     1.909    -6.409               3.464            CX15R155
  4358.706 606.01212     0.487    -2.327                6.24            42pP1e03
  4358.711 606.01212     0.489    -2.399                6.24            42pP2f02
  4358.715 606.01212     0.298    -3.693                6.24            31rQ3206
  4358.727      39.1     0.104     -1.32                                BIEMONT 
  4358.735 606.01212     0.946    -0.882                6.24            42pP2f48
  4358.737 606.01212     0.894    -5.348                6.24            64qP2111
  4358.747 606.01212     0.685    -3.694                6.24            53pQ2301
  4358.754 606.01212     0.965    -7.880                6.24            42pR1348
  4358.758 606.01212     0.926    -3.803                6.24            64qR1216
  4358.759 606.01212     0.899    -4.969                6.24            64qP3211
  4358.762      40.0     0.519     -1.64                                        
  4358.771      24.0     4.528     -3.21                                        
  4358.773 606.01212     0.908    -3.051                6.24            64qQ1f14
  4358.773 606.01212     0.915    -3.659                6.24            64qQ3e13
  4358.773 606.01212     1.143    -1.192                6.24            75rR3e19
  4358.774 106.00113     1.909    -6.380               3.464            CX15R165
  4358.778 606.01212     0.291    -4.120                6.24            31sR3202
  4358.779 606.01212     0.920    -3.671                6.24            64qQ3f14
  4358.781 606.01213     0.469    -5.684                6.24            20qP2145
  4358.782 106.00112     1.872    -3.798               3.464            AX22R275
  4358.783 106.00112     0.409    -2.815               3.464            BX01Q055
  4358.794 106.00113     0.347    -3.224               3.464            BX01P015
  4358.798 106.00113     0.347    -5.788               3.464            BX01Q015
  4358.801 606.01212     0.926    -3.887                6.24            64qR2315
  4358.810 106.00112     0.522    -1.734               3.464            AX11P105
  4358.813      23.0     2.741     -3.69                                        
  4358.815 606.01212     0.909    -3.334                6.24            64qQ2e13
  4358.820 606.01212     0.914    -3.352                6.24            64qQ2f14
  4358.823 106.00112     0.409    -5.356               3.464            BX01R055
  4358.836 106.00112     1.172    -1.378               3.464            AX33Q115
  4358.839 606.01212     0.947    -4.270                6.24            42pQ2347
  4358.843 106.00112     1.172    -3.414               3.464            AX33P115
  4358.843 606.01212     0.302    -1.898                6.24            31rR3f06
  4358.845 106.00112     1.872    -1.053               3.464            AX22Q285
  4358.850 606.01213     0.469    -5.779                6.24            20qP3244
  4358.864 606.01212     0.878    -8.226                6.24            64qP3204
  4358.865 606.01212     0.895    -4.897                6.24            64qP3210
  4358.877 606.01212     0.946    -4.279                6.24            42pQ1248
  4358.878 106.00112     1.872    -1.053               3.464            AX22Q275
  4358.880 606.01212     0.689    -1.661                6.24            53pP1e07
  4358.880 606.01212     1.423    -4.195                6.24            86sR2131
  4358.882 606.01212     0.947    -0.891                6.24            42pP3e47
  4358.884 606.01212     0.876    -5.261                6.24            64qP3203
  4358.886 606.01212     0.107    -6.563                6.24            20sQ3110
  4358.886 606.01212     1.135    -3.774                6.24            75rQ2120
  4358.897 606.01212     0.903    -3.012                6.24            64qQ1e13
  4358.900 106.00113     1.169    -1.414               3.464            AX33Q105
  4358.901 106.00113     1.169    -3.375               3.464            AX33R105
  4358.901 606.01213     0.469    -4.744                6.24            20qQ2e44
  4358.903      26.0     4.214     -1.88                                        
  4358.915 606.01212     0.365    -3.744                6.24            31qQ2e19
  4358.927 606.01213     0.235    -8.750                6.24            20rP3128
  4358.941 106.00112     1.872    -3.816               3.464            AX22P285
  4358.945      26.0     3.881     -2.69                                        
  4358.950      27.0     2.540     -3.29                                LAWNHFS 
  4358.952 606.01212     0.365    -3.543                6.24            31qQ1f20
  4358.957 606.01212     0.491    -3.543                6.24            42qR1204
  4358.959 606.01212     1.135    -3.796                6.24            75rQ3219
  4358.960 606.01213     0.235    -8.289                6.24            20rP3128
  4358.962 106.00113     0.521    -1.777               3.464            AX11P095
  4358.966 606.01212     1.079    -3.661                6.24            75sR2110
  4358.968 606.01212     0.094    -6.810                6.24            20tR3106
  4358.973 606.01212     0.891    -5.147                6.24            64qP3209
  4358.979 606.01212     0.150    -1.816                6.24            20rR1f18
  4358.979 606.01212     0.297    -1.856                6.24            31rR1e07
  4358.980 106.00113     0.521    -3.368               3.464            AX11Q095
  4358.980 606.01212     0.947    -7.263                6.24            42pR1347
  4358.988 606.01212     0.920    -3.682                6.24            64qR1215
  4358.991 606.01212     1.424    -4.225                6.24            86sR3230
  4358.998 606.01212     0.882    -5.398                6.24            64qP3206
  4359.002 606.01212     0.888    -5.139                6.24            64qP3208
  4359.005 606.01212     0.373    -4.254                6.24            31qR1220
  4359.007 606.01212     0.876    -2.258                6.24            64rR3e01
  4359.011 606.01212     0.373    -4.384                6.24            31qR2319
  4359.014 606.01212     0.880    -5.424                6.24            64qP3205
  4359.025 606.01213     0.469    -4.650                6.24            20qQ1f45
  4359.026 106.00113     1.169    -3.402               3.464            AX33P115
  4359.027 106.00113     1.169    -1.378               3.464            AX33Q115
  4359.046 606.01212     0.690    -1.717                6.24            53pP2f06
  4359.048 606.01212     0.293    -3.709                6.24            31rQ2105
  4359.064      58.1     1.091     -0.72                                 LAWLER 
  4359.064 606.01212     0.885    -5.310                6.24            64qP3207
  4359.077      21.0     2.301     -0.19                                        
  4359.087      26.1     6.214     -4.41                                        
  4359.091 606.01212     0.151    -1.840                6.24            20rR2e17
  4359.099 606.01212     0.920    -3.754                6.24            64qR2314
  4359.104 606.01212     0.899    -3.347                6.24            64qQ2e11
  4359.113 606.01213     0.235    -4.834                6.24            20rQ2128
  4359.117      22.1     4.891     -4.29                                        
  4359.136 106.00113     0.521    -1.735               3.464            AX11P105
  4359.139 106.00112     0.410    -5.329               3.464            BX01P065
  4359.145 606.01212     0.357    -5.091                6.24            31qP2119
  4359.145 606.01213     0.469    -5.413                6.24            20qR1244
  4359.149 606.01212     0.491    -3.646                6.24            42qR2302
  4359.150 106.00113     0.190    -1.735               3.464            AX00P095
  4359.152      64.1     0.556     -1.72                                        
  4359.167 106.00113     0.190    -3.332               3.464            AX00Q095
  4359.168 606.01212     0.691    -1.786                6.24            53pP3e05
  4359.174 106.00112     0.410    -2.738               3.464            BX01Q065
  4359.180      22.1     5.643     -1.30                                        
  4359.184 606.01212     0.904    -3.659                6.24            64qQ3e11
  4359.192      26.0     4.188     -2.30                                        
  4359.197 606.01213     0.469    -4.843                6.24            20qQ3f43
  4359.199 606.01212     0.904    -3.311                6.24            64qQ2f12
  4359.201 606.01212     1.135    -1.172                6.24            75rR1f20
  4359.202 606.01213     0.235    -4.844                6.24            20rQ3227
  4359.214 606.01212     0.488    -2.072                6.24            42pP1f04
  4359.222 606.01212     0.909    -3.665                6.24            64qQ3f12
  4359.224 606.01212     0.296    -3.713                6.24            31rQ3205
  4359.229 606.01212     0.491    -2.274                6.24            42pP3f02
  4359.240      60.1     0.559     -1.20                                 LAWLER 
  4359.245 606.01212     0.151    -1.863                6.24            20rR3f16
  4359.249 606.01213     0.469    -5.431                6.24            20qR2343
  4359.254 606.01212     0.686    -3.624                6.24            53pQ2302
  4359.259 606.01212     0.490    -2.145                6.24            42pP2e03
  4359.263 606.01212     0.366    -3.970                6.24            31qQ3f18
  4359.270 606.01213     0.469    -5.755                6.24            20qP2145
  4359.271      23.0     2.579     -3.00                                        
  4359.282 606.01212     0.358    -5.175                6.24            31qP3218
  4359.282 606.01213     0.235    -4.830                6.24            20rQ2128
  4359.285 606.01213     0.469    -5.773                6.24            20qP3244
  4359.287 606.01212     0.490    -3.533                6.24            42qR1203
  4359.289 606.01212     0.144   -10.029                6.24            20rP3117
  4359.293 606.01212     0.894    -2.904                6.24            64qQ1e11
  4359.294 606.01212     0.301    -5.459                6.24            20qP2133
  4359.294 606.01212     0.914    -3.703                6.24            64qR1214
  4359.304 606.01212     0.687    -3.508                6.24            53pQ2303
  4359.312 606.01212     1.127    -7.065                6.24            75rP3119
  4359.313 606.01212     0.915    -3.805                6.24            64qR2313
  4359.322 606.01212     0.301    -5.500                6.24            20qP3232
  4359.328 606.01212     0.899    -3.207                6.24            64qQ1f12
  4359.341 606.01212     0.490    -3.656                6.24            42qR2301
  4359.342 106.00112     0.523    -1.777               3.464            AX11P095
  4359.345 606.01212     1.135    -1.194                6.24            75rR2e19
  4359.352 606.01212     0.692    -1.595                6.24            53pP1f08
  4359.353 606.01212     0.107    -4.505                6.24            20sR2110
  4359.354 106.00112     0.523    -3.368               3.464            AX11Q095
  4359.369 606.01212     0.928    -0.881                6.24            42pP1f48
  4359.372      90.0     1.304     -0.32                                        
  4359.383 606.01212     0.365    -4.268                6.24            31qR1219
  4359.385 606.01213     0.235    -4.829                6.24            20rQ3227
  4359.391      21.0     1.986     -3.75                                        
  4359.391 606.01213     0.469    -4.650                6.24            20qQ1e45
  4359.398 606.01212     0.928    -0.891                6.24            42pP2e47
  4359.401 106.00113     0.190    -1.692               3.464            AX00P105
  4359.404 606.01212     0.298    -1.911                6.24            31rR2f06
  4359.412 606.01213     0.470    -4.843                6.24            20qQ3e43
  4359.422 606.01212     0.874    -2.538                6.24            64rR2e01
  4359.425 606.01212     0.890    -2.837                6.24            64qQ1f10
  4359.427      27.0     3.131     -1.87                                        
  4359.464 606.01212     0.350    -5.050                6.24            31qP2118
  4359.467 606.01212     0.683    -4.085                6.24            53pQ1202
  4359.472 606.01212     0.909    -3.612                6.24            64qR1213
  4359.473 606.01213     0.235    -1.931                6.24            20rR1e28
  4359.476 606.01212     0.928    -4.272                6.24            42pQ1247
  4359.478 606.01212     0.301    -4.187                6.24            20qQ1e33
  4359.483 106.00112     0.191    -1.734               3.464            AX00P095
  4359.497 106.00112     1.173    -3.375               3.464            AX33R105
  4359.499 606.01212     0.928    -0.900                6.24            42pP3f46
  4359.500 106.00112     0.191    -3.332               3.464            AX00Q095
  4359.503 106.00113     1.868    -1.055               3.464            AX22Q285
  4359.503 606.01212     0.366    -4.336                6.24            31qR2318
  4359.504 106.00112     1.173    -1.414               3.464            AX33Q105
  4359.507 606.01212     0.693    -1.646                6.24            53pP2e07
  4359.508 606.01212     0.887    -2.768                6.24            64qQ1e09
  4359.509 606.01212     1.127    -3.753                6.24            75rQ2119
  4359.515 606.01212     0.301    -4.441                6.24            20qQ3e31
  4359.516 606.01213     0.235    -1.931                6.24            20rR1f28
  4359.518 106.00112     0.523    -1.735               3.464            AX11P105
  4359.518      23.1     1.702     -4.40                                        
  4359.526 606.01212     1.412    -7.041                6.24            86sQ3130
  4359.527 606.01212     0.357    -3.513                6.24            31qQ1e19
  4359.529      23.0     2.364     -2.97                                        
  4359.529 606.01212     0.895    -3.675                6.24            64qQ3e09
  4359.532 606.01213     0.148    -7.694                6.24            20sQ3118
  4359.537 606.01213     0.235    -1.947                6.24            20rR2f27
  4359.539 606.01212     0.876    -2.535                6.24            64qQ1e05
  4359.543 606.01213     0.469    -4.745                6.24            20qQ2f44
  4359.557 606.01213     0.235    -1.947                6.24            20rR2e27
  4359.559 606.01212     1.135    -1.215                6.24            75rR3f18
  4359.562 606.01212     1.313    -6.265                6.24            86tR3119
  4359.575 106.00113     1.204    -3.400               3.464            AX33R115
  4359.576 606.01212     0.291    -3.726                6.24            31rQ2104
  4359.577      28.0     3.396     -0.94                                 LAWLER 
  4359.577 606.01212     0.144    -4.331                6.24            20rQ2117
  4359.584 606.01212     0.909    -3.676                6.24            64qR2312
  4359.590 606.01213     0.148    -7.502                6.24            20sQ3118
  4359.598 606.01212     0.684    -3.864                6.24            53pQ1203
  4359.598 606.01212     1.076    -5.771                6.24            75sQ3109
  4359.598 606.01212     1.412    -4.155                6.24            86sR2130
  4359.601 606.01212     0.884    -2.699                6.24            64qQ1f08
  4359.606 606.01212     1.080    -3.799                6.24            75sR3209
  4359.609      42.0     3.273     -0.98                                        
  4359.610 106.00113     1.204    -1.378               3.464            AX33Q115
  4359.616 606.01212     0.900    -3.671                6.24            64qQ3f10
  4359.618      23.0     2.377     -2.34                                        
  4359.619 106.00112     1.173    -1.378               3.464            AX33Q115
  4359.625      24.0     0.982     -1.27                                 SOBECK 
  4359.626 106.00112     1.173    -3.401               3.464            AX33P115
  4359.632      25.0     4.675     -1.55                                        
  4359.635 106.00113     1.868    -3.830               3.464            AX22R275
  4359.635 606.01213     0.235    -1.962                6.24            20rR3e26
  4359.638 606.01212     0.881    -2.621                6.24            64qQ1e07
  4359.640      64.1     1.156     -1.36                                 LAWLER 
  4359.642 606.01212     0.879    -2.555                6.24            64qQ1f06
  4359.644 606.01212     0.891    -3.214                6.24            64qQ2e09
  4359.644 606.01212     0.910    -0.891                6.24            42pP1e47
  4359.646 606.01212     0.301    -4.311                6.24            20qQ2f32
  4359.653      21.0     2.294     -0.64                                        
  4359.660      26.0     3.299     -7.33                                        
  4359.662 606.01212     0.694    -1.705                6.24            53pP3f06
  4359.663 606.01212     0.358    -3.961                6.24            31qQ3e17
  4359.664 606.01213     0.469    -5.359                6.24            20qR1244
  4359.669 606.01212     0.299    -1.967                6.24            31rR3e05
  4359.670 606.01213     0.470    -5.445                6.24            20qR2343
  4359.675 606.01213     0.235    -1.962                6.24            20rR3f26
  4359.681 606.01212     0.350    -5.250                6.24            31qP3217
  4359.702 106.00113     1.868    -3.788               3.464            AX22P285
  4359.718 606.01212     0.489    -3.588                6.24            42qR1202
  4359.720 606.01212     0.490    -1.928                6.24            42pP1e05
  4359.730      40.1     1.236     -0.51                                Ljung06 
  4359.732 606.01212     0.928    -4.274                6.24            42pQ2346
  4359.734 106.00112     0.191    -1.692               3.464            AX00P105
  4359.735 606.01212     0.295    -1.923                6.24            31rR1f06
  4359.737 106.00113     1.204    -1.345               3.464            AX33Q125
  4359.741 606.01212     1.065    -5.665                6.24            75tR3105
  4359.745 606.01212     0.910    -0.900                6.24            42pP2f46
  4359.747 606.01212     0.358    -3.725                6.24            31qQ2f18
  4359.764 606.01212     0.895    -3.319                6.24            64qQ2f10
  4359.766 606.01212     0.904    -3.655                6.24            64qR2311
  4359.771 606.01212     0.904    -3.579                6.24            64qR1212
  4359.773 106.00113     1.204    -3.450               3.464            AX33P125
  4359.777 606.01212     1.412    -4.254                6.24            86sR3229
  4359.786      26.1     6.221     -2.59                                        
  4359.790      59.1     0.629     -0.35                                LINOHFS 
  4359.794 606.01212     0.491    -1.995                6.24            42pP2f04
  4359.795 606.01212     0.888    -3.724                6.24            64qQ3e07
  4359.802 606.01212     0.695    -1.539                6.24            53pP1e09
  4359.807 106.00113     2.031    -4.258               3.464            AX54Q225
  4359.809 606.01212     0.928    -7.809                6.24            42pR1346
  4359.822      25.0     4.709     -1.69                                        
  4359.830 606.01212     0.301    -4.909                6.24            20qR1232
  4359.833 106.00113     1.868    -1.054               3.464            AX22Q275
  4359.839 606.01212     0.301    -5.001                6.24            20qR2331
  4359.839 606.01212     0.492    -2.097                6.24            42pP3e03
  4359.855      41.0     1.120     -1.23                                        
  4359.857 606.01212     0.910    -4.251                6.24            42pQ2345
  4359.858 606.01213     0.148    -5.034                6.24            20sR2118
  4359.863 106.00113     2.031    -2.094               3.464            AX54P235
  4359.863 606.01212     0.686    -3.772                6.24            53pQ1204
  4359.873 106.00113     2.031    -2.133               3.464            AX54P225
  4359.880      26.0     3.879     -3.38                                        
  4359.880 606.01212     0.885    -3.115                6.24            64qQ2e07
  4359.886 606.01212     0.107    -4.643                6.24            20sR3209
  4359.890 606.01212     0.910    -0.910                6.24            42pP3e45
  4359.897 606.01212     0.910    -4.261                6.24            42pQ1246
  4359.898 606.01212     0.289    -3.803                6.24            31rQ2103
  4359.901 606.01212     0.876    -2.513                6.24            64rR3f00
  4359.907 606.01212     0.288    -5.371                6.24            20qP2132
  4359.910      24.0     2.980     -4.16                                        
  4359.911 606.01212     1.121    -7.530                6.24            75rP3118
  4359.912 606.01212     0.689    -3.558                6.24            53pQ2304
  4359.913 606.01212     1.128    -3.752                6.24            75rQ3218
  4359.923 106.00113     0.348    -3.208               3.464            BX01P025
  4359.927      69.0     0.000     -0.67                                        
  4359.931 606.01212     1.127    -1.194                6.24            75rR1e19
  4359.935 606.01212     0.888    -3.159                6.24            64qQ2f08
  4359.943 106.00113     0.190    -1.734               3.464            AX00P095
  4359.946 606.01212     0.892    -3.701                6.24            64qQ3f08
  4359.956 606.01212     0.144    -4.323                6.24            20rQ3216
  4359.960 106.00113     0.190    -3.349               3.464            AX00Q095
  4359.960 606.01212     0.350    -3.702                6.24            31qQ2e17
  4359.960 606.01212     0.900    -3.433                6.24            64qR2310
  4359.964 606.01212     0.696    -1.586                6.24            53pP2f08
  4359.977 606.01212     0.883    -3.840                6.24            64qQ3e05
  4359.983 606.01212     0.350    -3.479                6.24            31qQ1f18
  4359.991      24.0     3.367     -0.96                                        
