a line list in the range:    4318.00   4328.00
  4318.000       8.0     7.000     -9.69                                        
  4318.000      41.0     1.268     -1.32                                        
  4318.006      24.0     4.204     -1.87                                        
  4318.014 106.00113     1.053    -3.170               3.464            AX33Q075
  4318.015 106.00112     1.056    -3.182               3.464            AX33Q075
  4318.045 106.00113     1.053    -1.715               3.464            AX33R075
  4318.051 106.00112     1.056    -1.715               3.464            AX33R075
  4318.084 106.00112     1.056    -1.769               3.464            AX33R065
  4318.093 606.01212     0.598    -1.119                6.24            31rR1f40
  4318.098 606.01213     0.597    -8.170                6.24            20rP3152
  4318.102 606.01213     0.374    -5.415                6.24            20sR2139
  4318.112 606.01212     0.598    -1.130                6.24            31rR2e39
  4318.118 606.01213     0.597    -5.095                6.24            20rQ2152
  4318.136      72.0     0.699     -1.48                                        
  4318.138 606.01213     0.374    -5.434                6.24            20sR3238
  4318.150 606.01212     0.748    -7.234                6.24            42rP3137
  4318.150 606.01213     0.597    -8.505                6.24            20rP3152
  4318.162 606.01212     0.748    -4.103                6.24            42rQ2137
  4318.217 606.01212     1.206    -6.620                6.24            75tR3128
  4318.223 606.01212     0.599    -1.140                6.24            31rR3f38
  4318.235 606.01212     0.798    -4.113                6.24            53sR2125
  4318.235 606.01213     0.597    -5.101                6.24            20rQ3251
  4318.252      42.0     3.300     -1.32                                        
  4318.262 606.01212     0.605    -4.178                6.24            42sR2125
  4318.291 106.00112     2.060    -6.327               3.464            CX15R195
  4318.294      90.1     1.188     -1.18                                        
  4318.310 607.01314     3.446    -2.356               7.724          1415Pb0165
  4318.321      26.0     4.188     -2.33                                        
  4318.324 606.01213     0.597    -1.665                6.24            20rR1e52
  4318.333 606.01213     0.597    -5.091                6.24            20rQ3251
  4318.337      28.0     4.102     -1.25                                        
  4318.337 606.01212     0.954    -7.520                6.24            53rP3138
  4318.341 106.00112     1.056    -3.170               3.464            AX33Q075
  4318.348 606.01212     0.200    -7.558                6.24            20tR3124
  4318.349 606.01212     0.799    -4.158                6.24            53sR3224
  4318.353 606.01213     0.597    -1.673                6.24            20rR2f51
  4318.361 606.01212     0.748    -0.979                6.24            42rR1e37
  4318.370 606.01212     0.605    -4.219                6.24            42sR3224
  4318.375 106.00112     1.056    -1.715               3.464            AX33R075
  4318.377 606.01213     0.597    -5.094                6.24            20rQ2152
  4318.396      69.0     2.182      0.29                                        
  4318.418 106.00112     2.060   -10.624               3.464            CX15Q195
  4318.428 606.01213     0.597    -1.681                6.24            20rR3e50
  4318.430 106.00112     2.060    -6.336               3.464            CX15R185
  4318.432      22.0     3.168     -1.89                                        
  4318.438      44.0     1.122     -1.00                                        
  4318.444      20.0     6.036     -3.48                                        
  4318.451 607.01314     3.446    -5.135               7.724          1415Qc0165
  4318.452 606.01212     0.288    -7.885                6.24            20sQ3132
  4318.461 606.01212     0.748    -4.100                6.24            42rQ3236
  4318.462 606.01213     0.597    -1.673                6.24            20rR2e51
  4318.463 606.01212     1.269    -7.303                6.24            64rP3146
  4318.466 606.01213     0.597    -1.665                6.24            20rR1f52
  4318.474 606.01212     0.748    -0.991                6.24            42rR2f36
  4318.504 607.01314     3.446    -2.335               7.724          1415Pa0175
  4318.510 606.01212     0.954    -4.047                6.24            53rQ3237
  4318.522 606.01212     1.030    -7.044                6.24            64sQ3129
  4318.526 606.01212     0.365    -6.975                6.24            31tR3120
  4318.530      25.1     5.394     -2.52                                        
  4318.542 606.01212     0.288    -4.964                6.24            20sR2132
  4318.545      42.0     3.221     -1.61                                        
  4318.548 606.01213     0.597    -1.681                6.24            20rR3f50
  4318.555 106.00112     1.456    -4.216               3.464            AX44R115
  4318.560      22.0     3.152     -2.33                                        
  4318.561      24.0     3.847     -2.41                                        
  4318.568      24.0     4.096     -1.85                                        
  4318.586 106.00112     1.755    -4.464               3.464            AX44R185
  4318.588 606.01212     1.269    -4.102                6.24            64rQ3245
  4318.589      75.0     3.409      0.09                                        
  4318.598 606.01212     0.954    -4.036                6.24            53rQ2138
  4318.625 606.01212     0.749    -1.003                6.24            42rR3e35
  4318.632      22.0     2.254      0.34                                 LAWLER 
  4318.652      20.0     1.899     -0.21                                 LAWLER 
  4318.660 606.01212     0.288    -5.055                6.24            20sR3231
  4318.679 607.01214     3.562    -2.508               7.724          1415Ra0235
  4318.680 607.01214     3.562    -2.510               7.724          1415Rb0225
  4318.692 607.01214     3.553    -2.510               7.724          1415Ra0225
  4318.693 607.01214     3.553    -2.514               7.724          1415Rb0215
  4318.695 607.01214     3.562    -5.514               7.724          1415Qd0235
  4318.696 607.01214     3.571    -2.508               7.724          1415Ra0245
  4318.697      24.1     3.884     -3.65                                        
  4318.697 607.01214     3.571    -2.508               7.724          1415Rb0235
  4318.707 607.01214     3.553    -5.483               7.724          1415Qd0225
  4318.713 607.01214     3.571    -5.544               7.724          1415Qd0245
  4318.729 606.01212     0.954    -0.884                6.24            53rR1f38
  4318.735 607.01214     3.544    -2.514               7.724          1415Ra0215
  4318.736 607.01214     3.544    -2.520               7.724          1415Rb0205
  4318.745 607.01214     3.581    -2.508               7.724          1415Rb0245
  4318.750 607.01214     3.544    -5.452               7.724          1415Qd0215
  4318.751      38.0     1.769     -0.44                                        
  4318.762 607.01214     3.581    -5.575               7.724          1415Qd0255
  4318.771 606.01212     0.954    -0.895                6.24            53rR2e37
  4318.792 606.01212     0.947    -6.799                6.24            64tR3120
  4318.805      26.0     2.586     -5.67                                        
  4318.807 607.01214     3.535    -2.520               7.724          1415Ra0205
  4318.808 607.01214     3.535    -2.527               7.724          1415Rb0195
  4318.811 606.01212     1.030    -4.061                6.24            64sR2129
  4318.813      73.0     1.594     -1.24                                        
  4318.821 607.01214     3.535    -5.421               7.724          1415Qd0205
  4318.822 606.01212     1.373    -7.364                6.24            75sQ3141
  4318.828      65.0     0.000      0.16                                        
  4318.892 606.01212     0.955    -0.907                6.24            53rR3f36
  4318.905 606.01212     1.030    -4.091                6.24            64sR3228
  4318.908 607.01214     3.527    -2.527               7.724          1415Ra0195
  4318.908 607.01214     3.527    -2.536               7.724          1415Rb0185
  4318.921 607.01214     3.527    -5.389               7.724          1415Qd0195
  4318.930      62.1     0.277     -0.25                                 LAWLER 
  4318.933 606.01212     1.270    -0.799                6.24            64rR3f44
  4318.937      26.0     4.175     -2.43                                        
  4318.954 106.00112     0.349    -5.100               3.464            BX01R025
  4318.965 106.00112     1.755    -5.246               3.464            AX54P175
  4318.975 106.00113     1.855    -4.621               3.464            AX44R205
  4319.020 606.01212     0.735    -6.312                6.24            53tR3117
  4319.025 606.01212     0.467    -8.374                6.24            20rP3144
  4319.036 607.01214     3.520    -2.536               7.724          1415Ra0185
  4319.037 607.01214     3.520    -2.546               7.724          1415Rb0175
  4319.047 606.01212     1.373    -4.106                6.24            75sR2141
  4319.049 607.01214     3.520    -5.357               7.724          1415Qd0185
  4319.059      40.0     0.154     -1.92                                        
  4319.087 606.01212     1.374    -4.128                6.24            75sR3240
  4319.089      23.0     2.579     -2.48                                        
  4319.091      22.0     2.295     -5.28                                        
  4319.091      23.1     6.161     -4.76                                        
  4319.097      90.1     1.888     -1.08                                        
  4319.142 606.01212     0.467    -4.728                6.24            20rQ3243
  4319.192 607.01214     3.513    -2.546               7.724          1415Ra0175
  4319.193 607.01214     3.513    -2.559               7.724          1415Rb0165
  4319.204 607.01214     3.513    -5.324               7.724          1415Qd0175
  4319.227      23.0     2.357     -5.54                                        
  4319.254      24.0     3.110     -2.40                                        
  4319.283 606.01212     0.467    -4.719                6.24            20rQ2144
  4319.292 106.00112     1.456    -4.181               3.464            AX44R115
  4319.305      22.0     2.015     -2.59                                        
  4319.311      24.0     3.085     -1.86                                        
  4319.321      22.1     5.212     -3.60                                        
  4319.332 606.01212     0.583    -7.431                6.24            31rP3139
  4319.339      15.0     6.980     -3.50                                        
  4319.357      22.0     2.576     -4.85                                        
  4319.375 607.01214     3.506    -2.559               7.724          1415Ra0165
  4319.376 607.01214     3.506    -2.574               7.724          1415Rb0155
  4319.378 606.01212     0.583    -4.307                6.24            31rQ2139
  4319.386 607.01214     3.506    -5.291               7.724          1415Qd0165
  4319.394 606.01212     0.467    -1.435                6.24            20rR1f44
  4319.394 607.01314     3.453    -2.335               7.724          1415Pb0175
  4319.400 606.01212     0.467    -1.445                6.24            20rR2e43
  4319.440      26.0     2.607     -3.61                                        
  4319.457      22.0     1.738     -2.43                                        
  4319.479 606.01212     0.467    -1.454                6.24            20rR3f42
  4319.491 606.01212     0.429    -7.425                6.24            31sQ3127
  4319.500      42.0     2.756     -1.92                                        
  4319.503 606.01212     0.789    -6.765                6.24            53sQ3124
  4319.503 606.01212     1.358    -7.227                6.24            75sQ3140
  4319.504 606.01212     1.358    -4.099                6.24            75sR2140
  4319.510 606.01212     1.253    -4.080                6.24            64rQ2145
  4319.522      62.0     0.185     -0.21                                        
  4319.524      75.0     1.811     -1.67                                        
  4319.540 606.01212     1.253    -6.940                6.24            64rP3145
  4319.554 607.01314     3.453    -5.167               7.724          1415Qc0175
  4319.560      60.1     0.380     -1.94                                 LAWLER 
  4319.584 607.01214     3.499    -2.574               7.724          1415Ra0155
  4319.585 607.01214     3.499    -2.591               7.724          1415Rb0145
  4319.586 606.01212     0.734    -7.687                6.24            42rP3136
  4319.595 607.01214     3.499    -5.256               7.724          1415Qd0155
  4319.609 606.01212     0.583    -1.130                6.24            31rR1e39
  4319.610 607.01314     3.453    -2.317               7.724          1415Pa0185
  4319.616 606.01212     0.595    -6.790                6.24            42sQ3124
  4319.620 606.01212     0.940    -7.190                6.24            53rP3137
  4319.628 606.01212     0.583    -4.304                6.24            31rQ3238
  4319.630      24.0     2.887     -1.14                                 SOBECK 
  4319.637 606.01212     0.789    -4.066                6.24            53sR2124
  4319.642 606.01212     0.540    -6.387                6.24            42tR3117
  4319.660 606.01212     0.940    -4.025                6.24            53rQ2137
  4319.674 606.01212     0.583    -1.141                6.24            31rR2f38
  4319.676 606.01212     1.358    -4.169                6.24            75sR3239
  4319.693      24.0     3.889     -0.72                                        
  4319.715 106.00113     0.976    -3.435               3.464            AX33R025
  4319.726      22.0     2.470     -3.71                                        
  4319.732 606.01212     0.595    -4.086                6.24            42sR2124
  4319.734 106.00113     0.976    -3.425               3.464            AX33R025
  4319.750 606.01212     1.253    -0.800                6.24            64rR2f44
  4319.766 606.01212     0.734    -4.104                6.24            42rQ3235
  4319.770      92.1     0.284     -2.14                                        
  4319.778 606.01212     0.583    -1.152                6.24            31rR3e37
  4319.779 606.01212     1.019    -6.797                6.24            64sQ3128
  4319.780 606.01212     1.253    -4.078                6.24            64rQ3244
  4319.818 606.01212     0.429    -4.493                6.24            31sR2127
  4319.819 607.01214     3.493    -2.591               7.724          1415Ra0145
  4319.820 607.01214     3.493    -2.610               7.724          1415Rb0135
  4319.829 607.01214     3.493    -5.220               7.724          1415Qd0145
  4319.839 606.01212     1.019    -3.960                6.24            64sR2128
  4319.844 606.01212     0.789    -4.164                6.24            53sR3223
  4319.858 606.01212     0.734    -4.092                6.24            42rQ2136
  4319.869      44.0     0.997     -0.87                                        
  4319.885 606.01212     1.253    -0.810                6.24            64rR3e43
  4319.885 606.01213     0.360    -8.412                6.24            20sQ3138
  4319.900 606.01212     0.940    -0.895                6.24            53rR1e37
  4319.906      22.0     2.479     -3.04                                        
  4319.911 606.01212     0.429    -4.527                6.24            31sR3226
  4319.924      23.0     1.871     -1.94                               LAWNOHFS 
  4319.931 606.01212     0.940    -4.022                6.24            53rQ3236
  4319.937      68.1     1.700     -0.28                                        
  4319.950      22.1     4.959     -3.91                                        
  4319.950 606.01212     0.596    -4.177                6.24            42sR3223
  4319.951 106.00113     1.420    -4.169               3.464            AX44R105
  4319.959 606.01213     0.360    -5.353                6.24            20sR2138
  4319.972 606.01212     0.940    -0.907                6.24            53rR2f36
  4319.986 606.01212     0.734    -0.991                6.24            42rR1f36
  4320.011 106.00112     1.846    -1.473               3.464            AX33R245
  4320.014 106.00112     0.979    -3.435               3.464            AX33R025
  4320.038 606.01212     0.734    -1.003                6.24            42rR2e35
  4320.039 106.00112     0.979    -3.425               3.464            AX33R025
  4320.048 606.01213     0.360    -5.448                6.24            20sR3237
  4320.056 606.01212     1.019    -4.052                6.24            64sR3227
  4320.065 606.01213     0.360    -8.628                6.24            20sQ3138
  4320.072 106.00112     1.846    -1.461               3.464            AX33R235
  4320.073 606.01213     0.578    -8.170                6.24            20rP3151
  4320.079 607.01214     3.488    -2.610               7.724          1415Ra0135
  4320.080 607.01214     3.488    -2.632               7.724          1415Rb0125
  4320.085 606.01212     0.940    -0.919                6.24            53rR3e35
  4320.089 607.01214     3.488    -5.183               7.724          1415Qd0135
  4320.096 606.01213     0.578    -5.087                6.24            20rQ2151
  4320.120 606.01213     0.578    -8.506                6.24            20rP3151
  4320.127      90.1     0.556     -1.70                                        
  4320.128      26.0     4.383     -3.08                                        
  4320.142 106.00112     1.846    -3.800               3.464            AX33Q245
  4320.144      25.0     4.341     -1.61                                        
  4320.144      25.0     4.341     -2.31                                        
  4320.156 606.01212     0.734    -1.015                6.24            42rR3f34
  4320.158 606.01212     0.939    -6.032                6.24            64tR3119
  4320.165      24.0     3.077     -2.75                                        
  4320.170 606.01213     0.246    -7.865                6.24            20tR3129
  4320.185 606.01213     0.246    -7.595                6.24            20tR3129
  4320.188 606.01212     1.196    -6.365                6.24            75tR3127
  4320.192      25.0     4.824     -1.38                                        
  4320.204 106.00113     1.649   -14.926               3.464            CX04R165
  4320.210 606.01213     0.578    -5.093                6.24            20rQ3250
  4320.251      42.0     2.932     -2.13                                        
  4320.262      23.0     1.891     -1.48                               LAWNOHFS 
  4320.272      22.0     3.137     -4.15                                        
  4320.306 606.01213     0.578    -1.673                6.24            20rR1e51
  4320.312 606.01213     0.578    -5.083                6.24            20rQ3250
  4320.336 606.01213     0.578    -1.682                6.24            20rR2f50
  4320.340 606.01213     0.360    -5.406                6.24            20sR2138
  4320.350 606.01213     0.578    -5.086                6.24            20rQ2151
  4320.358      22.0     3.184     -4.20                                        
  4320.361      26.0     3.394     -2.26                                        
  4320.365 607.01214     3.482    -2.632               7.724          1415Ra0125
  4320.366 607.01214     3.482    -2.657               7.724          1415Rb0115
  4320.374 607.01214     3.482    -5.145               7.724          1415Qd0125
  4320.378 606.01213     0.360    -5.427                6.24            20sR3237
  4320.383      27.0     3.663     -1.02                                        
  4320.412 606.01213     0.578    -1.690                6.24            20rR3e49
  4320.429      15.0     6.949     -3.00                                        
  4320.439 606.01213     0.578    -1.682                6.24            20rR2e50
  4320.442 606.01213     0.578    -1.673                6.24            20rR1f51
  4320.486      26.0     3.414     -2.20                                        
  4320.496 106.00113     1.910   -12.858               3.464            CX04Q215
  4320.517      26.0     4.431     -2.86                                        
  4320.517      64.0     0.880      0.24                                        
  4320.526 606.01213     0.578    -1.690                6.24            20rR3f49
  4320.556 607.01314     3.460    -2.317               7.724          1415Pb0185
  4320.560 106.00113     1.420    -4.136               3.464            AX44R105
  4320.573      24.0     2.911     -1.99                                 SOBECK 
  4320.583      44.0     2.118     -1.04                                        
  4320.594      90.1     1.598     -0.88                                        
  4320.602      24.0     2.911     -1.82                                        
  4320.620      21.0     2.108     -1.92                                        
  4320.627 606.01212     1.236    -7.320                6.24            64rP3144
  4320.655      27.0     3.968     -3.30                                        
  4320.675 607.01214     3.478    -2.657               7.724          1415Ra0115
  4320.676 607.01214     3.478    -2.685               7.724          1415Rb0105
  4320.682      72.1     2.153     -0.97                              DenHarto21
  4320.683 607.01214     3.478    -5.104               7.724          1415Qd0115
  4320.697 606.01212     0.275    -8.081                6.24            20sQ3131
  4320.719      58.1     0.459     -0.39                                 LAWLER 
  4320.725   21.1045     0.605    -2.620                                 LAWHFS 
  4320.727   21.1045     0.605    -2.200                                 LAWHFS 
  4320.728   21.1045     0.605    -1.970                                 LAWHFS 
  4320.729   21.1045     0.605    -1.620                                 LAWHFS 
  4320.729   21.1045     0.605    -1.730                                 LAWHFS 
  4320.729   21.1045     0.605    -1.820                                 LAWHFS 
  4320.730   21.1045     0.605    -1.410                                 LAWHFS 
  4320.730   21.1045     0.605    -1.440                                 LAWHFS 
  4320.730   21.1045     0.605    -1.470                                 LAWHFS 
  4320.730   21.1045     0.605    -1.650                                 LAWHFS 
  4320.732   21.1045     0.605    -1.950                                 LAWHFS 
  4320.733   21.1045     0.605    -1.260                                 LAWHFS 
  4320.733   21.1045     0.605    -1.530                                 LAWHFS 
  4320.734   21.1045     0.605    -0.880                                 LAWHFS 
  4320.734   21.1045     0.605    -1.050                                 LAWHFS 
  4320.736 607.01314     3.460    -5.198               7.724          1415Qc0185
  4320.763 606.01212     1.236    -4.084                6.24            64rQ3243
  4320.796 607.01314     3.460    -2.300               7.724          1415Pa0195
  4320.844 606.01212     0.450    -8.008                6.24            20rP3143
  4320.847 606.01212     0.926    -7.537                6.24            53rP3136
  4320.847 606.01212     1.236    -4.074                6.24            64rQ2144
  4320.877 606.01212     0.450    -4.710                6.24            20rQ2143
  4320.904      23.0     3.313     -3.78                                        
  4320.910 606.01212     0.357    -6.661                6.24            31tR3119
  4320.915      23.0     2.136     -2.86                                        
  4320.915 606.01212     0.191    -7.245                6.24            20tR3123
  4320.936 606.01212     0.568    -7.867                6.24            31rP3138
  4320.938 106.00113     1.837    -1.474               3.464            AX33R245
  4320.943 606.01212     1.236    -0.800                6.24            64rR1f44
  4320.950      22.1     1.164     -1.88                                 LAWLER 
  4320.984 606.01212     1.236    -0.810                6.24            64rR2e43
  4320.986      25.0     4.329     -3.27                                        
  4320.986 606.01212     0.720    -7.255                6.24            42rP3135
  4321.010 607.01214     3.473    -2.685               7.724          1415Ra0105
  4321.010 607.01214     3.473    -2.718               7.724          1415Rb0095
  4321.012 606.01212     0.720    -4.080                6.24            42rQ2135
  4321.015 606.01212     0.275    -5.020                6.24            20sR2131
  4321.017 607.01214     3.473    -5.060               7.724          1415Qd0105
  4321.019      90.1     0.510     -2.73                               Nils02/9 
  4321.036 606.01212     0.728    -6.510                6.24            53tR3116
  4321.036 606.01212     0.926    -4.025                6.24            53rQ3235
  4321.059 106.00113     0.487    -2.913               3.464            BX01R085
  4321.062 106.00113     1.856    -4.563               3.464            AX44R205
  4321.064 606.01212     0.276    -5.052                6.24            20sR3230
  4321.065 106.00113     1.031    -1.822               3.464            AX33R055
  4321.094 606.01212     0.568    -4.306                6.24            31rQ3237
  4321.096 606.01212     0.450    -1.445                6.24            20rR1e43
  4321.100      64.1     0.601     -0.92                                 LAWLER 
  4321.112 606.01212     0.450    -4.706                6.24            20rQ3242
  4321.116 606.01212     1.236    -0.819                6.24            64rR3f42
  4321.119 606.01212     0.926    -4.013                6.24            53rQ2136
  4321.141      40.0     0.154     -1.92                                        
  4321.144 606.01212     0.450    -1.455                6.24            20rR2f42
  4321.154 606.01212     0.780    -6.893                6.24            53sQ3123
  4321.189 106.00113     1.837    -3.762               3.464            AX33Q245
  4321.190      25.0     3.376     -4.71                                        
  4321.197 106.00113     1.911    -7.510               3.464            CX04R205
  4321.197 606.01212     0.568    -4.295                6.24            31rQ2138
  4321.201      64.0     0.213     -0.28                                        
  4321.218 106.00113     0.520    -2.842               3.464            BX01R095
  4321.226 606.01212     0.720    -1.003                6.24            42rR1e35
  4321.235      24.0     2.870     -1.54                                        
  4321.238 606.01212     0.450    -1.465                6.24            20rR3e41
  4321.244 106.00113     1.910    -7.212               3.464            CX04R215
  4321.262 606.01212     0.926    -0.907                6.24            53rR1f36
  4321.263 106.00113     1.837    -1.462               3.464            AX33R235
  4321.302 106.00113     0.488    -7.244               3.464            BX01Q095
  4321.302      44.0     1.124     -2.06                                        
  4321.308 606.01212     0.926    -0.919                6.24            53rR2e35
  4321.315      28.0     3.793     -2.60                                        
  4321.315 606.01212     0.721    -4.077                6.24            42rQ3234
  4321.333 606.01212     0.568    -1.141                6.24            31rR1f38
  4321.341 106.00113     1.031    -1.822               3.464            AX33R055
  4321.341 606.01212     0.721    -1.016                6.24            42rR2f34
  4321.342 106.00113     0.488    -2.842               3.464            BX01R095
  4321.348 606.01212     0.419    -7.192                6.24            31sQ3126
  4321.356 606.01212     0.568    -1.152                6.24            31rR2e37
  4321.368 607.01214     3.469    -2.718               7.724          1415Ra0095
  4321.369 607.01214     3.469    -2.754               7.724          1415Rb0085
  4321.375 606.01212     1.344    -7.317                6.24            75sQ3139
  4321.375 607.01214     3.469    -5.014               7.724          1415Qd0095
  4321.401      11.0     2.101     -2.21                                        
  4321.403 106.00112     1.034    -1.822               3.464            AX33R055
  4321.410 106.00113     1.031    -3.116               3.464            AX33Q065
  4321.413 606.01212     0.586    -6.975                6.24            42sQ3123
  4321.432 606.01212     0.927    -0.931                6.24            53rR3f34
  4321.442 106.00113     0.520    -7.289               3.464            BX01Q105
  4321.451      24.0     2.980     -1.29                                        
  4321.460 106.00113     1.031    -1.758               3.464            AX33R065
  4321.469 606.01212     0.568    -1.164                6.24            31rR3f36
  4321.471      24.0     4.613     -1.43                                        
  4321.480      41.1     1.930     -1.20                              Nilsson10 
  4321.481 606.01212     0.419    -4.428                6.24            31sR2126
  4321.492 606.01212     0.721    -1.028                6.24            42rR3e33
  4321.496 106.00113     0.520    -2.777               3.464            BX01R105
  4321.510      24.0     3.963     -0.84                                        
  4321.516 606.01212     0.780    -4.083                6.24            53sR2123
  4321.518      22.0     2.332     -2.24                                        
  4321.520 106.00113     0.458    -2.990               3.464            BX01R075
  4321.575 606.01212     1.009    -6.980                6.24            64sQ3127
  4321.608 606.01212     1.344    -4.100                6.24            75sR2139
  4321.614      24.0     3.119     -1.28                                        
  4321.617      20.0     5.960     -4.06                                        
  4321.618      28.0     3.895     -2.10                                        
  4321.641 606.01212     0.419    -4.538                6.24            31sR3225
  4321.647      23.0     2.129     -2.71                                        
  4321.649 606.01212     0.780    -4.132                6.24            53sR3222
  4321.652      22.0     2.235      0.09                                 LAWLER 
  4321.654 106.00113     1.032    -3.105               3.464            AX33Q065
  4321.655 606.01212     1.344    -4.124                6.24            75sR3238
  4321.676 606.01212     1.219    -4.061                6.24            64rQ2143
  4321.680 106.00112     1.034    -1.822               3.464            AX33R055
  4321.697 606.01212     1.219    -6.944                6.24            64rP3143
  4321.705 106.00113     1.032    -1.758               3.464            AX33R065
  4321.749 106.00112     1.034    -3.116               3.464            AX33Q065
  4321.750 607.01214     3.466    -2.754               7.724          1415Ra0085
  4321.751 607.01214     3.466    -2.797               7.724          1415Rb0075
  4321.756 607.01214     3.466    -4.963               7.724          1415Qd0085
  4321.762      42.0     3.263     -0.91                                        
  4321.771      22.0     2.159     -1.38                                 LAWLER 
  4321.780 606.01212     0.586    -4.165                6.24            42sR2123
  4321.786 606.01212     0.534    -6.734                6.24            42tR3116
  4321.805 106.00112     1.034    -1.758               3.464            AX33R065
  4321.805 106.00113     0.458    -7.179               3.464            BX01Q085
  4321.809 607.01314     3.468    -2.300               7.724          1415Pb0195
  4321.815 106.00112     1.806    -4.566               3.464            AX44R195
  4321.822      20.0     4.765     -1.81                                        
  4321.831 606.01212     1.219    -0.810                6.24            64rR1e43
  4321.850 106.00113     0.458    -2.913               3.464            BX01R085
  4321.879 606.01212     1.009    -4.054                6.24            64sR2127
  4321.905 606.01212     0.587    -4.211                6.24            42sR3222
  4321.924       6.0     7.940     -2.85                                        
  4321.929 606.01212     1.220    -0.820                6.24            64rR2f42
  4321.950 606.01212     1.220    -4.059                6.24            64rQ3242
  4321.965      42.0     2.079     -1.65                                        
  4321.985 606.01212     1.186    -6.580                6.24            75tR3126
  4321.988 606.01212     1.009    -4.086                6.24            64sR3226
  4321.991 106.00112     1.035    -3.105               3.464            AX33Q065
  4322.002      23.0     1.194     -5.66                                        
  4322.004      26.0     4.206     -4.51                                        
  4322.013 607.01314     3.468    -5.229               7.724          1415Qc0195
  4322.023      23.1     1.678     -2.82                                        
  4322.026 606.01213     0.559    -8.169                6.24            20rP3150
  4322.045 106.00112     1.035    -1.758               3.464            AX33R065
  4322.053 606.01213     0.559    -5.078                6.24            20rQ2150
  4322.066 606.01212     1.220    -0.830                6.24            64rR3e41
  4322.067 106.00113     0.556    -2.777               3.464            BX01R105
  4322.069 606.01213     0.559    -8.508                6.24            20rP3150
  4322.075 607.01314     3.468    -2.285               7.724          1415Pa0205
  4322.110 606.01212     0.913    -7.201                6.24            53rP3135
  4322.110 606.01213     0.345    -8.381                6.24            20sQ3137
  4322.114      22.0     2.173     -1.52                                 LAWLER 
  4322.142 606.01212     1.329    -7.176                6.24            75sQ3138
  4322.148      23.0     2.563     -1.97                                        
  4322.153 606.01212     1.329    -4.091                6.24            75sR2138
  4322.156 607.01214     3.462    -2.797               7.724          1415Ra0075
  4322.156 607.01214     3.462    -2.846               7.724          1415Rb0065
  4322.161 607.01214     3.462    -4.908               7.724          1415Qd0075
  4322.162 606.01212     0.913    -4.002                6.24            53rQ2135
  4322.163 606.01213     0.559    -5.085                6.24            20rQ3249
  4322.189 606.01213     0.345    -5.344                6.24            20sR2137
  4322.190      64.1     0.382     -1.36                                 LAWLER 
  4322.267 606.01213     0.559    -1.682                6.24            20rR1e50
  4322.270 606.01213     0.559    -5.075                6.24            20rQ3249
  4322.275 606.01213     0.345    -8.596                6.24            20sQ3137
  4322.276 106.00113     0.556    -7.317               3.464            BX01Q115
  4322.282 606.01213     0.345    -5.441                6.24            20sR3236
  4322.297 606.01213     0.559    -1.690                6.24            20rR2f49
  4322.302 606.01213     0.559    -5.077                6.24            20rQ2150
  4322.318      27.0     3.684     -3.27                                        
  4322.324 106.00113     0.556    -2.715               3.464            BX01R115
  4322.325      23.0     2.377     -1.12                                        
  4322.329 606.01212     1.329    -4.165                6.24            75sR3237
  4322.374 606.01213     0.559    -1.699                6.24            20rR3e48
  4322.377 606.01212     0.707    -7.740                6.24            42rP3134
  4322.396 606.01213     0.559    -1.690                6.24            20rR2e49
  4322.398 606.01213     0.559    -1.682                6.24            20rR1f50
  4322.416 606.01212     0.913    -0.919                6.24            53rR1e35
  4322.439 606.01212     0.913    -3.998                6.24            53rQ3234
  4322.451 106.00112     1.424    -4.168               3.464            AX44R105
  4322.460   57.1139     0.173    -2.599                                 LAWLER 
  4322.462   57.1139     0.173    -2.298                                 LAWLER 
  4322.464      42.0     2.068     -2.22                                        
  4322.464   57.1139     0.173    -2.377                                 LAWLER 
  4322.471   57.1139     0.173    -2.181                                 LAWLER 
  4322.474   57.1139     0.173    -2.115                                 LAWLER 
  4322.477   57.1139     0.173    -2.474                                 LAWLER 
  4322.483 606.01213     0.559    -1.699                6.24            20rR3f48
  4322.487   57.1139     0.173    -1.910                                 LAWLER 
  4322.491   57.1139     0.173    -2.056                                 LAWLER 
  4322.492 606.01212     0.913    -0.932                6.24            53rR2f34
  4322.495   57.1139     0.173    -2.620                                 LAWLER 
  4322.508   57.1139     0.173    -1.703                                 LAWLER 
  4322.513   57.1139     0.173    -2.090                                 LAWLER 
  4322.513 606.01212     0.553    -7.440                6.24            31rP3137
  4322.518   57.1139     0.173    -2.854                                 LAWLER 
  4322.526      22.0     0.848     -4.36                                        
  4322.530      66.1     1.650     -0.82                                 LAWLER 
  4322.532 106.00112     0.489    -2.913               3.464            BX01R085
  4322.534      22.0     2.316     -4.58                                        
  4322.534   57.1139     0.173    -1.532                                 LAWLER 
  4322.540   57.1139     0.173    -2.272                                 LAWLER 
  4322.546   57.1139     0.173    -3.272                                 LAWLER 
  4322.555 606.01213     0.345    -5.396                6.24            20sR2137
  4322.570 606.01212     0.553    -4.285                6.24            31rQ2137
  4322.573 106.00113     0.431    -3.075               3.464            BX01R065
  4322.574 606.01212     0.707    -4.081                6.24            42rQ3233
  4322.584 607.01214     3.460    -2.846               7.724          1415Ra0065
  4322.585 607.01214     3.460    -2.903               7.724          1415Rb0055
  4322.589 607.01214     3.460    -4.846               7.724          1415Qd0065
  4322.596 606.01213     0.346    -5.418                6.24            20sR3236
  4322.608 606.01212     0.913    -0.944                6.24            53rR3e33
  4322.661 606.01212     0.707    -4.068                6.24            42rQ2134
  4322.669 606.01212     0.433    -8.394                6.24            20rP3142
  4322.676       6.0     7.940     -3.90                                        
  4322.694      26.0     2.607     -5.13                                        
  4322.701      25.0     4.350     -2.49                                        
  4322.703 106.00112     0.522    -2.842               3.464            BX01R095
  4322.709 606.01212     0.263    -7.811                6.24            20sQ3130
  4322.732 106.00113     0.835    -1.401               3.464            AX22Q095
  4322.734 106.00113     0.870    -3.321               3.464            AX22R105
  4322.740 106.00113     0.835    -3.280               3.464            AX22R095
  4322.749 606.01213     0.235    -7.846                6.24            20tR3128
  4322.751 106.00113     0.870    -1.360               3.464            AX22Q105
  4322.755 606.01212     0.772    -6.665                6.24            53sQ3122
  4322.765 106.00113     1.800    -5.179               3.464            AX54P185
  4322.767 606.01213     0.235    -7.578                6.24            20tR3128
  4322.770 106.00113     0.669    -2.498               3.464            AX22Q015
  4322.770 106.00113     0.804    -1.448               3.464            AX22Q085
  4322.780 606.01212     1.203    -7.339                6.24            64rP3142
  4322.781 106.00112     0.489    -7.243               3.464            BX01Q095
  4322.787 106.00113     0.908    -3.358               3.464            AX22R115
  4322.788      58.1     1.091     -0.28                                BIEMONT 
  4322.789 106.00113     0.804    -3.235               3.464            AX22R085
  4322.794 606.01212     0.932    -7.045                6.24            64tR3118
  4322.797 606.01212     0.433    -4.708                6.24            20rQ3241
  4322.802 606.01212     0.707    -1.015                6.24            42rR1f34
  4322.803      26.0     2.829     -3.63                                        
  4322.809 106.00113     0.908    -1.323               3.464            AX22Q115
  4322.815 606.01212     0.263    -4.943                6.24            20sR2130
  4322.815 606.01212     0.553    -1.152                6.24            31rR1e37
  4322.816 106.00113     0.669    -2.496               3.464            AX22Q015
  4322.823      26.0     4.590     -2.22                                        
  4322.825 606.01212     0.554    -4.282                6.24            31rQ3236
  4322.828 106.00113     0.775    -1.502               3.464            AX22Q075
  4322.831 606.01212     0.998    -6.712                6.24            64sQ3126
  4322.834 106.00112     0.489    -2.842               3.464            BX01R095
  4322.846      20.0     4.760     -1.55                                        
  4322.858 606.01212     0.707    -1.028                6.24            42rR2e33
  4322.867 106.00113     0.775    -3.185               3.464            AX22R075
  4322.882 606.01212     0.554    -1.164                6.24            31rR2f36
  4322.902 106.00113     0.431    -7.092               3.464            BX01Q075
  4322.904 606.01212     0.998    -3.936                6.24            64sR2126
  4322.904 606.01212     1.066    -4.143                6.24            42qP3254
  4322.908 106.00113     0.750    -1.565               3.464            AX22Q065
  4322.912 606.01212     0.772    -4.035                6.24            53sR2122
  4322.918 106.00113     0.948    -3.393               3.464            AX22R125
  4322.924 106.00113     0.870    -1.323               3.464            AX22Q115
  4322.926 106.00112     0.522    -7.288               3.464            BX01Q105
  4322.927 606.01212     1.203    -4.064                6.24            64rQ3241
  4322.934 106.00113     0.870    -3.374               3.464            AX22P115
  4322.935 106.00113     0.431    -2.989               3.464            BX01R075
  4322.935 606.01212     0.433    -4.699                6.24            20rQ2142
  4322.941      28.0     3.417     -4.72                                        
  4322.941 606.01212     0.264    -5.038                6.24            20sR3229
  4322.949 106.00113     0.835    -1.361               3.464            AX22Q105
  4322.949 106.00113     0.835    -3.335               3.464            AX22P105
  4322.951 106.00113     0.948    -1.289               3.464            AX22Q125
  4322.955      25.0     4.350     -4.13                                        
  4322.958 106.00113     0.908    -1.290               3.464            AX22Q125
  4322.959 106.00113     0.750    -3.129               3.464            AX22R065
  4322.962      22.0     2.331     -2.48                                        
  4322.967      44.0     3.122     -0.14                                        
  4322.977 106.00113     0.727    -1.641               3.464            AX22Q055
  4322.979 106.00112     1.848    -1.473               3.464            AX33R245
  4322.979 606.01212     0.708    -1.041                6.24            42rR3f32
  4322.980 106.00113     0.908    -3.410               3.464            AX22P125
  4322.982 106.00112     0.671    -2.498               3.464            AX22Q015
  4322.982 106.00112     0.838    -1.401               3.464            AX22Q095
  4322.983 606.01212     1.066    -4.066                6.24            42qQ3e53
  4322.984 106.00112     0.522    -2.776               3.464            BX01R105
  4322.984 106.00112     0.838    -3.280               3.464            AX22R095
  4322.987 606.01212     0.554    -1.176                6.24            31rR3e35
  4322.988 106.00112     0.873    -3.321               3.464            AX22R105
  4322.997      56.0     1.566     -0.67                                        
  4322.999 106.00112     0.459    -2.989               3.464            BX01R075
  4322.999 106.00112     0.873    -1.360               3.464            AX22Q105
  4323.002 106.00113     0.679    -2.066               3.464            AX22Q025
  4323.008 106.00112     0.806    -1.448               3.464            AX22Q085
  4323.008 606.01212     1.203    -4.054                6.24            64rQ2142
  4323.011 106.00113     0.804    -3.293               3.464            AX22P095
  4323.019 106.00112     0.671    -2.496               3.464            AX22Q015
  4323.024 106.00112     0.806    -3.235               3.464            AX22R085
  4323.028 106.00113     0.804    -1.402               3.464            AX22Q095
  4323.030 106.00113     0.708    -1.737               3.464            AX22Q045
  4323.036 607.01214     3.457    -2.903               7.724          1415Ra0055
  4323.036 607.01214     3.457    -2.972               7.724          1415Rb0045
  4323.040 607.01214     3.457    -4.775               7.724          1415Qd0055
  4323.052 106.00112     0.911    -3.358               3.464            AX22R115
  4323.054 106.00113     0.692    -1.867               3.464            AX22Q035
  4323.054 106.00113     0.727    -3.066               3.464            AX22R055
  4323.054 606.01212     0.433    -1.455                6.24            20rR1f42
  4323.057 106.00112     0.778    -1.501               3.464            AX22Q075
  4323.063 606.01212     0.433    -1.465                6.24            20rR2e41
  4323.066      25.0     3.376     -5.23                                        
  4323.068 106.00112     1.424    -4.136               3.464            AX44R105
  4323.073 106.00113     0.948    -1.259               3.464            AX22Q135
  4323.075 106.00112     0.911    -1.323               3.464            AX22Q115
  4323.080 106.00113     0.669    -2.641               3.464            AX22R015
  4323.085 106.00113     0.679    -2.065               3.464            AX22Q025
  4323.093 606.01212     1.045    -4.081                6.24            42qP2154
  4323.094 606.01212     0.578    -6.703                6.24            42sQ3122
  4323.095 106.00112     0.778    -3.185               3.464            AX22R075
  4323.097      20.0     4.776     -1.88                                        
  4323.104 106.00113     0.775    -3.247               3.464            AX22P085
  4323.106 106.00113     0.948    -3.444               3.464            AX22P135
  4323.110 106.00112     1.848    -3.762               3.464            AX33Q245
  4323.112 606.01212     1.203    -0.820                6.24            64rR1f42
  4323.130 106.00113     0.669    -2.645               3.464            AX22R015
  4323.132 106.00112     0.752    -1.565               3.464            AX22Q065
  4323.135      26.0     4.470     -2.34                                        
  4323.139 106.00113     0.708    -2.992               3.464            AX22R045
  4323.139 106.00113     0.775    -1.449               3.464            AX22Q085
  4323.140 606.01212     0.772    -4.138                6.24            53sR3221
  4323.140 606.01212     0.999    -4.033                6.24            64sR3225
  4323.145 606.01212     0.433    -1.476                6.24            20rR3f40
  4323.147 106.00113     0.992    -3.425               3.464            AX22R135
  4323.155 606.01212     1.203    -0.830                6.24            64rR2e41
  4323.159 106.00112     1.848    -1.462               3.464            AX33R235
  4323.167 606.01212     0.722    -6.239                6.24            53tR3115
  4323.172 607.01314     3.476    -2.285               7.724          1415Pb0205
  4323.173 606.01212     1.045    -3.989                6.24            42qQ2e53
  4323.177 606.01212     0.350    -6.913                6.24            31tR3118
  4323.180 106.00112     0.873    -1.323               3.464            AX22Q115
  4323.182 106.00112     0.752    -3.129               3.464            AX22R065
  4323.191 106.00112     0.873    -3.374               3.464            AX22P115
  4323.191 106.00113     0.992    -1.259               3.464            AX22Q135
  4323.192 106.00113     0.692    -1.866               3.464            AX22Q035
  4323.195 106.00112     0.952    -3.392               3.464            AX22R125
  4323.196 106.00112     0.838    -3.335               3.464            AX22P105
  4323.198 106.00112     0.838    -1.360               3.464            AX22Q105
  4323.198 106.00113     0.692    -2.903               3.464            AX22R035
  4323.204 106.00113     0.679    -2.792               3.464            AX22R025
  4323.210 106.00112     0.681    -2.066               3.464            AX22Q025
  4323.210 106.00112     0.729    -1.641               3.464            AX22Q055
  4323.218 106.00113     0.750    -3.196               3.464            AX22P075
  4323.226 106.00112     0.911    -1.289               3.464            AX22Q125
  4323.228 106.00112     0.952    -1.289               3.464            AX22Q125
  4323.234 606.01212     0.578    -4.069                6.24            42sR2122
  4323.236 106.00113     0.708    -1.736               3.464            AX22Q045
  4323.243 606.01212     1.045    -4.116                6.24            42qP3253
  4323.248 106.00112     0.911    -3.410               3.464            AX22P125
  4323.249 106.00112     0.806    -3.293               3.464            AX22P095
  4323.255 106.00112     0.710    -1.737               3.464            AX22Q045
  4323.262 106.00113     0.727    -1.641               3.464            AX22Q055
  4323.265 106.00112     0.806    -1.402               3.464            AX22Q095
  4323.267 106.00112     0.694    -1.867               3.464            AX22Q035
  4323.273 106.00112     0.729    -3.066               3.464            AX22R055
  4323.277 106.00113     0.750    -1.504               3.464            AX22Q075
  4323.278 606.01212     0.409    -7.338                6.24            31sQ3125
  4323.284 106.00112     0.459    -7.179               3.464            BX01Q085
  4323.286 106.00112     0.671    -2.641               3.464            AX22R015
  4323.287 106.00113     0.679    -2.797               3.464            AX22R025
  4323.288 106.00113     0.992    -1.231               3.464            AX22Q145
  4323.290      62.1     0.104     -0.92                                 LAWLER 
  4323.291 106.00113     0.750    -1.564               3.464            AX22Q065
  4323.291 606.01212     1.204    -0.840                6.24            64rR3f40
  4323.293 106.00112     0.681    -2.065               3.464            AX22Q025
  4323.304 606.01212     0.899    -7.560                6.24            53rP3134
  4323.319 106.00113     0.775    -1.501               3.464            AX22Q075
  4323.330 106.00112     0.671    -2.645               3.464            AX22R015
  4323.332 106.00113     0.992    -3.475               3.464            AX22P145
  4323.333 106.00112     0.459    -2.912               3.464            BX01R085
  4323.335 106.00112     0.778    -3.247               3.464            AX22P085
  4323.336 106.00113     0.692    -2.909               3.464            AX22R035
  4323.338 106.00113     0.750    -3.139               3.464            AX22R065
  4323.341 106.00113     0.727    -3.074               3.464            AX22R055
  4323.343 106.00113     0.727    -3.140               3.464            AX22P065
  4323.346 106.00113     0.708    -2.999               3.464            AX22R045
  4323.349 106.00113     0.775    -3.196               3.464            AX22R075
  4323.353 106.00112     0.952    -1.259               3.464            AX22Q135
  4323.355 106.00112     0.710    -2.992               3.464            AX22R045
  4323.356      22.0     2.316     -3.98                                        
  4323.358      26.0     2.452     -3.96                                        
  4323.361 106.00113     0.804    -1.448               3.464            AX22Q085
  4323.368 106.00112     0.778    -1.449               3.464            AX22Q085
  4323.384 606.01212     0.182    -7.509                6.24            20tR3122
  4323.386 106.00112     0.952    -3.444               3.464            AX22P135
  4323.386 106.00113     0.804    -3.247               3.464            AX22R085
  4323.398      74.1     3.123     -1.09                                        
  4323.401      26.0     4.206     -4.16                                        
  4323.401 607.01314     3.476    -5.259               7.724          1415Qc0205
  4323.404      23.0     2.330     -2.06                                        
  4323.409 106.00112     0.694    -1.866               3.464            AX22Q035
  4323.412 106.00112     0.681    -2.792               3.464            AX22R025
  4323.412 106.00112     0.694    -2.903               3.464            AX22R035
  4323.421 106.00113     0.727    -1.568               3.464            AX22Q065
  4323.434      22.0     1.066     -1.78                                        
  4323.437 106.00112     0.995    -3.425               3.464            AX22R135
  4323.443      24.0     4.614     -1.19                                        
  4323.444 106.00112     0.752    -3.196               3.464            AX22P075
  4323.461 106.00113     0.836    -1.401               3.464            AX22Q095
  4323.461 106.00113     0.836    -3.293               3.464            AX22R095
  4323.462      41.0     1.156     -1.55                                        
  4323.463 106.00112     0.710    -1.736               3.464            AX22Q045
  4323.467 607.01314     3.476    -2.271               7.724          1415Pa0215
  4323.471 106.00113     0.708    -3.077               3.464            AX22P055
  4323.471 606.01212     0.578    -4.166                6.24            42sR3221
  4323.479 106.00112     0.995    -1.258               3.464            AX22Q135
  4323.480 606.01212     1.045    -4.030                6.24            42qR2352
  4323.497 106.00112     0.752    -1.504               3.464            AX22Q075
  4323.498 106.00112     0.730    -1.640               3.464            AX22Q055
  4323.499 106.00113     1.038    -3.455               3.464            AX22R145
  4323.506 106.00112     0.681    -2.797               3.464            AX22R025
  4323.509      23.0     1.858     -2.15                               LAWNOHFS 
  4323.510 606.01212     0.900    -4.001                6.24            53rQ3233
  4323.510 607.01214     3.455    -2.972               7.724          1415Ra0045
  4323.510 607.01214     3.455    -3.057               7.724          1415Rb0035
  4323.513 607.01214     3.455    -4.692               7.724          1415Qd0045
  4323.515 106.00112     0.752    -1.564               3.464            AX22Q065
  4323.540 106.00113     0.776    -3.238               3.464            AX22P085
  4323.550      59.1     0.629     -0.61                                LINOHFS 
  4323.550 606.01212     1.045    -4.059                6.24            42qQ3f52
  4323.551 106.00112     0.778    -1.501               3.464            AX22Q075
  4323.552 106.00113     1.038    -1.231               3.464            AX22Q145
  4323.553 106.00112     0.694    -2.909               3.464            AX22R035
  4323.554      68.1     0.891     -3.12                                 LAWLER 
  4323.556 106.00113     0.750    -3.188               3.464            AX22P075
  4323.556 106.00113     0.804    -3.283               3.464            AX22P095
  4323.563 106.00112     0.730    -3.074               3.464            AX22R055
  4323.565 106.00112     0.730    -3.140               3.464            AX22P065
  4323.565 106.00112     0.752    -3.139               3.464            AX22R065
  4323.569 106.00112     0.710    -2.999               3.464            AX22R045
  4323.569 106.00113     0.776    -1.450               3.464            AX22Q085
  4323.571 106.00113     0.804    -1.402               3.464            AX22Q095
  4323.573 106.00112     0.559    -2.777               3.464            BX01R105
  4323.578 106.00113     0.708    -1.647               3.464            AX22Q055
  4323.581 106.00112     0.995    -1.231               3.464            AX22Q145
  4323.583 106.00112     0.778    -3.196               3.464            AX22R075
  4323.587 606.01212     0.899    -3.989                6.24            53rQ2134
  4323.589 106.00113     0.871    -3.335               3.464            AX22R105
  4323.594 106.00113     0.728    -3.133               3.464            AX22P065
  4323.597 106.00113     0.692    -3.007               3.464            AX22P045
  4323.603 106.00113     0.871    -1.360               3.464            AX22Q105
  4323.607 106.00113     0.750    -1.504               3.464            AX22Q075
  4323.612 106.00112     0.807    -1.448               3.464            AX22Q085
  4323.614 106.00113     0.836    -1.361               3.464            AX22Q105
  4323.614 106.00113     0.836    -3.324               3.464            AX22P105
  4323.623 106.00112     0.995    -3.475               3.464            AX22P145
  4323.625 606.01212     0.409    -4.468                6.24            31sR2125
  4323.626 106.00113     1.038    -1.205               3.464            AX22Q155
  4323.628 106.00112     0.807    -3.247               3.464            AX22R085
  4323.641 106.00112     0.730    -1.568               3.464            AX22Q065
  4323.641      40.1     2.488     -1.50                                        
  4323.647 106.00113     0.708    -3.072               3.464            AX22P055
  4323.671 106.00113     0.728    -1.569               3.464            AX22Q065
  4323.680 106.00113     1.038    -3.505               3.464            AX22P155
  4323.686      26.0     4.253     -3.83                                        
  4323.690 106.00112     0.710    -3.077               3.464            AX22P055
  4323.690 106.00113     0.596    -2.715               3.464            BX01R115
  4323.694 106.00113     1.015    -6.119               3.464            BX11P205
  4323.694      27.0     2.875     -4.12                                        
  4323.698      28.0     3.396     -4.40                                        
  4323.705 106.00113     1.015    -2.560               3.464            BX11Q195
  4323.709 106.00113     0.679    -2.934               3.464            AX22P035
  4323.710 106.00113     0.692    -3.003               3.464            AX22P045
  4323.712 106.00112     0.839    -1.401               3.464            AX22Q095
  4323.714 106.00112     0.839    -3.293               3.464            AX22R095
  4323.715 106.00113     0.871    -1.323               3.464            AX22Q115
  4323.728 106.00113     0.871    -3.362               3.464            AX22P115
  4323.732 606.01212     0.409    -4.506                6.24            31sR3224
  4323.741 606.01212     0.694    -7.279                6.24            42rP3133
  4323.742 106.00113     0.692    -1.749               3.464            AX22Q045
  4323.742 606.01212     0.899    -0.932                6.24            53rR1f34
  4323.754 106.00113     0.708    -1.648               3.464            AX22Q055
  4323.763      27.0     3.684     -3.14                                        
  4323.765      24.0     2.965     -3.78                                        
  4323.770      66.1     2.110     -0.94                                 LAWLER 
  4323.773 106.00112     0.559    -7.317               3.464            BX01Q115
  4323.774 106.00112     1.807    -4.510               3.464            AX44R195
  4323.775 106.00112     0.778    -3.238               3.464            AX22P085
  4323.779 106.00113     1.015    -2.664               3.464            BX11Q205
  4323.781 106.00113     0.679    -2.931               3.464            AX22P035
  4323.782 606.01212     0.694    -4.055                6.24            42rQ2133
  4323.784 106.00112     0.752    -3.188               3.464            AX22P075
  4323.786 106.00113     0.908    -3.373               3.464            AX22R115
  4323.790 106.00113     1.015    -6.322               3.464            BX11R195
  4323.793 606.01212     0.900    -0.944                6.24            53rR2e33
  4323.799 106.00112     0.710    -1.647               3.464            AX22Q055
  4323.799 106.00112     0.778    -1.450               3.464            AX22Q085
  4323.799 106.00112     0.807    -3.283               3.464            AX22P095
  4323.800      21.0     2.134     -3.73                                        
  4323.801 106.00112     1.042    -3.455               3.464            AX22R145
  4323.812 106.00113     0.908    -1.323               3.464            AX22Q115
  4323.815 106.00112     0.694    -3.007               3.464            AX22P045
  4323.815 106.00112     0.807    -1.402               3.464            AX22Q095
  4323.818 106.00112     0.730    -3.133               3.464            AX22P065
  4323.829 606.01212     1.188    -4.041                6.24            64rQ2141
  4323.833 106.00113     0.670    -2.889               3.464            AX22P025
  4323.834 106.00112     0.559    -2.714               3.464            BX01R115
  4323.834 106.00112     0.752    -1.504               3.464            AX22Q075
  4323.840 606.01212     1.188    -6.948                6.24            64rP3141
  4323.841      20.0     4.677     -2.02                                        
  4323.847      24.0     2.965     -1.94                                        
  4323.851 106.00112     1.042    -1.231               3.464            AX22Q145
  4323.854 106.00113     0.692    -1.749               3.464            AX22Q045
  4323.855 106.00112     0.874    -3.334               3.464            AX22R105
  4323.857 106.00112     0.839    -1.361               3.464            AX22Q105
  4323.859 106.00113     0.670    -2.887               3.464            AX22P025
  4323.866 106.00112     0.874    -1.360               3.464            AX22Q105
  4323.867 106.00112     0.839    -3.324               3.464            AX22P105
  4323.868 106.00112     0.710    -3.072               3.464            AX22P055
  4323.869 106.00113     0.596    -7.330               3.464            BX01Q125
  4323.887 106.00113     0.908    -1.290               3.464            AX22Q125
  4323.899 106.00112     0.730    -1.569               3.464            AX22Q065
  4323.900      59.1     0.422     -1.35                                LINOHFS 
  4323.913 106.00113     0.908    -3.397               3.464            AX22P125
  4323.920 106.00113     0.679    -1.892               3.464            AX22Q035
  4323.921 606.01212     0.900    -0.957                6.24            53rR3f32
  4323.927      26.0     4.217     -2.39                                        
  4323.929 106.00112     0.694    -3.003               3.464            AX22P045
  4323.931 106.00113     0.596    -2.655               3.464            BX01R125
  4323.933 106.00112     1.042    -1.205               3.464            AX22Q155
  4323.934 106.00112     0.681    -2.934               3.464            AX22P035
  4323.953 606.01212     1.177    -6.325                6.24            75tR3125
  4323.956 606.01212     1.315    -7.266                6.24            75sQ3137
  4323.957      22.0     2.304     -4.05                                        
  4323.958 606.01213     0.540    -8.169                6.24            20rP3149
  4323.964 106.00112     0.694    -1.749               3.464            AX22Q045
  4323.971 606.01212     0.528    -6.310                6.24            42tR3115
  4323.982 106.00112     0.710    -1.647               3.464            AX22Q055
  4323.982 106.00112     0.874    -1.323               3.464            AX22Q115
  4323.982 106.00113     0.679    -1.892               3.464            AX22Q035
  4323.983 106.00112     1.042    -3.505               3.464            AX22P155
  4323.988 606.01213     0.540    -5.070                6.24            20rQ2149
  4323.993 106.00112     0.874    -3.362               3.464            AX22P115
  4323.994 606.01212     1.188    -0.831                6.24            64rR1e41
  4323.996 606.01213     0.540    -8.510                6.24            20rP3149
  4323.997 106.00113     1.087    -3.483               3.464            AX22R155
  4324.001 106.00112     0.681    -2.931               3.464            AX22P035
  4324.006 607.01214     3.454    -3.057               7.724          1415Ra0035
  4324.007 607.01214     3.454    -3.165               7.724          1415Rb0025
  4324.009 607.01214     3.454    -4.591               7.724          1415Qd0035
  4324.012 606.01212     0.694    -1.028                6.24            42rR1e33
  4324.027      40.0     1.778     -0.16                                        
  4324.032      24.0     4.609     -3.23                                        
  4324.042      26.0     4.581     -0.69                                        
  4324.049 106.00112     0.672    -2.889               3.464            AX22P025
  4324.058 106.00112     0.433    -3.075               3.464            BX01R065
  4324.060 106.00113     1.087    -1.205               3.464            AX22Q155
  4324.064 606.01212     0.539    -7.891                6.24            31rP3136
  4324.065 106.00112     0.912    -3.373               3.464            AX22R115
  4324.069 106.00113     0.949    -3.409               3.464            AX22R125
  4324.070      64.1     1.133     -0.69                                 LAWLER 
  4324.074 106.00112     0.694    -1.749               3.464            AX22Q045
  4324.077 106.00112     0.672    -2.887               3.464            AX22P025
  4324.088 106.00112     0.912    -1.322               3.464            AX22Q115
  4324.090 606.01212     0.695    -4.052                6.24            42rQ3232
  4324.093      26.0     4.555     -1.49                                        
  4324.094 606.01213     0.540    -5.076                6.24            20rQ3248
  4324.095 606.01212     1.188    -0.841                6.24            64rR2f40
  4324.107 606.01212     1.188    -4.039                6.24            64rQ3240
  4324.108 106.00113     0.949    -1.289               3.464            AX22Q125
  4324.114 106.00113     1.087    -1.182               3.464            AX22Q165
  4324.114      24.0     4.798     -3.06                                        
  4324.131 606.01212     0.695    -1.042                6.24            42rR2f32
  4324.137 106.00112     0.681    -1.892               3.464            AX22Q035
  4324.137 106.00113     0.670    -2.143               3.464            AX22Q025
  4324.148 106.00113     0.949    -1.259               3.464            AX22Q135
  4324.167 106.00113     0.670    -2.143               3.464            AX22Q025
  4324.169 106.00112     0.912    -1.290               3.464            AX22Q125
  4324.171 106.00113     0.408    -3.172               3.464            BX01R055
  4324.177 106.00113     1.087    -3.533               3.464            AX22P165
  4324.186 106.00113     0.949    -3.429               3.464            AX22P135
  4324.192 106.00112     0.912    -3.397               3.464            AX22P125
  4324.197 606.01212     1.315    -4.092                6.24            75sR2137
  4324.203 106.00112     0.681    -1.892               3.464            AX22Q035
  4324.206 606.01213     0.540    -1.690                6.24            20rR1e49
  4324.206 606.01213     0.540    -5.066                6.24            20rQ3248
  4324.233 606.01213     0.540    -5.068                6.24            20rQ2149
  4324.234 606.01212     1.188    -0.852                6.24            64rR3e39
  4324.237 606.01213     0.540    -1.699                6.24            20rR2f48
  4324.239 606.01212     0.539    -4.283                6.24            31rQ3235
  4324.242      23.0     2.573     -3.65                                        
  4324.253 606.01212     1.315    -4.119                6.24            75sR3236
  4324.283 606.01212     0.695    -1.055                6.24            42rR3e31
  4324.309      26.0     3.045     -3.85                                        
  4324.311 106.00112     1.091    -3.483               3.464            AX22R155
  4324.312 606.01213     0.332    -8.349                6.24            20sQ3136
  4324.314 606.01213     0.540    -1.708                6.24            20rR3e47
  4324.328      27.1     5.462     -3.71                                        
  4324.330      27.0     3.949     -3.52                                        
  4324.331 606.01213     0.540    -1.690                6.24            20rR1f49
  4324.331 606.01213     0.540    -1.699                6.24            20rR2e48
  4324.336      26.0     3.632     -3.94                                        
  4324.337 606.01212     0.539    -4.272                6.24            31rQ2136
  4324.344 606.01212     0.763    -6.787                6.24            53sQ3121
  4324.350      25.0     4.341     -3.96                                        
  4324.356 106.00112     0.672    -2.143               3.464            AX22Q025
  4324.363 106.00112     0.952    -3.409               3.464            AX22R125
  4324.369 106.00112     1.091    -1.205               3.464            AX22Q155
  4324.370      26.1     4.734     -4.89                                        
  4324.383 106.00112     0.672    -2.143               3.464            AX22Q025
  4324.386 106.00112     0.433    -7.091               3.464            BX01Q075
  4324.396 106.00112     0.952    -1.289               3.464            AX22Q125
  4324.397 606.01213     0.332    -5.335                6.24            20sR2136
  4324.398      22.0     2.332     -2.12                                        
  4324.419 606.01213     0.540    -1.708                6.24            20rR3f47
  4324.430 106.00112     0.433    -2.989               3.464            BX01R075
  4324.433 106.00112     1.091    -1.182               3.464            AX22Q165
  4324.446 106.00112     0.952    -1.259               3.464            AX22Q135
  4324.446 606.01212     0.417    -8.015                6.24            20rP3141
  4324.451      62.0     0.282     -0.22                                        
  4324.458 106.00113     0.992    -3.442               3.464            AX22R135
  4324.462 606.01213     0.332    -8.564                6.24            20sQ3136
  4324.479 106.00112     0.952    -3.429               3.464            AX22P135
  4324.484 606.01212     0.539    -1.164                6.24            31rR1f36
  4324.489 606.01212     0.417    -4.690                6.24            20rQ2141
  4324.491 106.00112     1.091    -3.533               3.464            AX22P165
  4324.493 606.01213     0.332    -5.433                6.24            20sR3235
  4324.499 106.00113     1.900    -1.476               3.464            AX33R245
  4324.508 106.00113     0.992    -1.258               3.464            AX22Q135
  4324.511 606.01212     0.539    -1.176                6.24            31rR2e35
  4324.516 106.00113     1.900    -1.494               3.464            AX33R255
  4324.517 106.00113     0.992    -1.231               3.464            AX22Q145
  4324.523      22.0     3.196     -1.47                                        
  4324.526 607.01214     3.452    -3.166               7.724          1415Ra0025
  4324.526 607.01214     3.452    -3.317               7.724          1415Rb0015
  4324.527      20.0     4.677     -1.58                                        
  4324.528 607.01214     3.452    -4.459               7.724          1415Qd0025
  4324.533      42.0     2.644     -2.02                                        
  4324.535 106.00113     1.900    -3.838               3.464            AX33Q255
  4324.543 606.01212     0.887    -7.215                6.24            53rP3133
  4324.556 106.00113     0.408    -6.978               3.464            BX01Q065
  4324.560      64.1     1.133     -1.28                                 LAWLER 
  4324.567 106.00113     0.992    -3.460               3.464            AX22P145
  4324.582 106.00113     1.391    -4.117               3.464            AX44R095
  4324.589 606.01212     0.989    -6.911                6.24            64sQ3125
  4324.592 106.00113     0.408    -3.075               3.464            BX01R065
  4324.594      58.0     0.000     -0.49                                        
  4324.609 606.01212     0.887    -3.977                6.24            53rQ2133
  4324.616      11.0     2.103     -1.96                                        
  4324.616      11.0     2.103     -2.91                                        
  4324.622      24.0     3.085     -2.96                                        
  4324.627      23.0     1.871     -2.32                               LAWNOHFS 
  4324.627 606.01212     0.539    -1.188                6.24            31rR3f34
  4324.665      26.0     3.412     -9.17                                        
  4324.666 607.01314     3.484    -2.271               7.724          1415Pb0215
  4324.672 106.00113     1.138    -3.510               3.464            AX22R165
  4324.697 106.00112     1.656   -14.925               3.464            CX04R165
  4324.711      24.0     4.436     -1.19                                        
  4324.719 606.01212     0.417    -1.465                6.24            20rR1e41
  4324.727 606.01212     0.417    -4.686                6.24            20rQ3240
  4324.728      26.0     4.217     -2.65                                        
  4324.730 606.01212     0.763    -4.048                6.24            53sR2121
  4324.744 106.00113     1.138    -1.182               3.464            AX22Q165
  4324.745 106.00112     2.300   -10.250               3.464            CX04R265
  4324.748 606.01213     0.332    -5.386                6.24            20sR2136
  4324.768 106.00112     0.996    -3.442               3.464            AX22R135
  4324.770 606.01212     0.417    -1.476                6.24            20rR2f40
  4324.774 106.00112     1.919    -7.211               3.464            CX04R215
  4324.778 106.00113     1.138    -1.160               3.464            AX22Q175
  4324.785      58.1     0.956     -0.43                                 LAWLER 
  4324.786 106.00113     1.801    -5.232               3.464            AX54P185
  4324.792 606.01213     0.332    -5.409                6.24            20sR3235
  4324.796 106.00112     2.300    -6.299               3.464            CX04Q275
  4324.801 606.01212     1.301    -7.120                6.24            75sQ3136
  4324.810 106.00112     0.996    -1.258               3.464            AX22Q135
  4324.818 606.01212     0.570    -6.887                6.24            42sQ3121
  4324.824 606.01212     1.301    -4.081                6.24            75sR2136
  4324.832 106.00112     0.996    -1.231               3.464            AX22Q145
  4324.850 106.00113     1.138    -3.560               3.464            AX22P175
  4324.864 606.01212     0.417    -1.486                6.24            20rR3e39
  4324.873 606.01212     0.252    -8.002                6.24            20sQ3129
  4324.874 106.00112     0.996    -3.460               3.464            AX22P145
  4324.879 606.01212     0.887    -0.944                6.24            53rR1e33
  4324.884 606.01212     0.764    -4.102                6.24            53sR3220
  4324.892 106.00112     2.300    -6.463               3.464            CX04Q265
  4324.893 606.01212     0.887    -3.973                6.24            53rQ3232
  4324.905 606.01212     0.989    -4.045                6.24            64sR2125
  4324.908 106.00113     1.013    -1.884               3.464            AX33R045
  4324.910      21.0     2.108     -3.69                                        
  4324.913 106.00112     1.919   -12.857               3.464            CX04Q215
  4324.917 606.01212     1.172    -7.362                6.24            64rP3140
  4324.942 106.00112     1.919    -7.509               3.464            CX04R205
  4324.943 106.00112     2.300   -12.343               3.464            CX04P275
  4324.948      26.0     2.196     -3.42                                        
  4324.959 606.01212     0.887    -0.958                6.24            53rR2f32
  4324.964      21.0     1.952     -2.82                                        
  4324.971      24.0     4.093     -1.83                                        
  4324.975 106.00113     1.039    -3.473               3.464            AX22R145
  4324.984   21.1045     0.595    -2.150                                 LAWHFS 
  4324.986   21.1045     0.595    -1.710                                 LAWHFS 
  4324.988   21.1045     0.595    -1.440                                 LAWHFS 
  4324.992   21.1045     0.595    -1.340                                 LAWHFS 
  4324.992   21.1045     0.595    -1.450                                 LAWHFS 
  4324.993   21.1045     0.595    -1.460                                 LAWHFS 
  4324.998 106.00112     1.143    -3.510               3.464            AX22R165
  4324.999   21.1045     0.595    -1.710                                 LAWHFS 
  4325.001   21.1045     0.595    -1.260                                 LAWHFS 
  4325.002   21.1045     0.595    -0.960                                 LAWHFS 
  4325.004 606.01212     1.302    -4.158                6.24            75sR3235
  4325.020 106.00113     1.039    -1.205               3.464            AX22Q155
  4325.032 106.00113     1.039    -1.231               3.464            AX22Q145
  4325.036      24.0     3.963     -1.25                                        
  4325.036 606.01212     0.989    -4.080                6.24            64sR3224
  4325.041      25.1     5.393     -2.30                                        
  4325.056      44.0     1.691     -0.76                                        
  4325.061      24.0     2.965     -0.56                                        
  4325.063 106.00112     1.143    -1.182               3.464            AX22Q165
  4325.067 607.01214     3.452    -3.317               7.724          1415Ra0015
  4325.068 607.01214     3.452    -3.570               7.724          1415Rb0005
  4325.068 607.01214     3.452    -4.266               7.724          1415Qd0015
  4325.077 106.00113     1.039    -3.489               3.464            AX22P155
  4325.077 606.01212     0.887    -0.970                6.24            53rR3e31
  4325.077 606.01212     1.173    -4.044                6.24            64rQ3239
  4325.082 106.00113     1.391    -4.087               3.464            AX44R095
  4325.086 606.01212     0.682    -7.805                6.24            42rP3132
  4325.107 106.00113     1.013    -1.884               3.464            AX33R045
  4325.111 106.00112     1.143    -1.160               3.464            AX22Q175
  4325.113 606.01212     0.399    -7.101                6.24            31sQ3124
  4325.114      66.1     1.661     -0.34                                        
  4325.126      22.0     2.248      0.25                                 LAWLER 
  4325.128 606.01212     0.717    -6.424                6.24            53tR3114
  4325.136      27.0     3.407     -5.55                                        
  4325.141      56.0     1.674     -0.86                                        
  4325.153 106.00113     1.911    -4.682               3.464            AX44R215
  4325.153 606.01212     1.172    -4.034                6.24            64rQ2140
  4325.176 106.00112     1.143    -3.560               3.464            AX22P175
  4325.176      26.0     3.015     -1.98                                        
  4325.206 606.01212     0.252    -4.995                6.24            20sR2129
  4325.210 606.01212     0.570    -4.147                6.24            42sR2121
  4325.211 106.00112     0.598    -2.715               3.464            BX01R115
  4325.215      23.1     4.241     -1.53                                        
  4325.220 606.01212     1.024    -4.157                6.24            42qP2153
  4325.231 606.01212     1.024    -4.174                6.24            42qP3252
  4325.256 106.00112     1.016    -1.884               3.464            AX33R045
  4325.264 606.01212     0.252    -5.031                6.24            20sR3228
  4325.267 606.01212     0.399    -4.403                6.24            31sR2124
  4325.267 606.01212     1.172    -0.841                6.24            64rR1f40
  4325.275 606.01212     1.024    -3.911                6.24            42qQ1e53
  4325.279 606.01212     0.926    -6.483                6.24            64tR3117
  4325.291      23.1     6.529     -2.42                                        
  4325.301 106.00112     1.043    -3.473               3.464            AX22R145
  4325.304 606.01212     0.682    -4.056                6.24            42rQ3231
  4325.305 606.01213     0.224    -7.827                6.24            20tR3127
  4325.314 606.01212     1.173    -0.852                6.24            64rR2e39
  4325.316      26.1     6.204     -4.37                                        
  4325.317 606.01212     1.024    -4.053                6.24            42qQ3e51
  4325.323 106.00113     1.013    -3.039               3.464            AX33Q055
  4325.326 606.01213     0.224    -7.559                6.24            20tR3127
  4325.348      26.0     4.383     -1.86                                        
  4325.349 106.00112     1.043    -1.205               3.464            AX22Q155
  4325.352 106.00112     1.043    -1.231               3.464            AX22Q145
  4325.352      28.0     3.603     -2.15                                        
  4325.357 606.01212     0.570    -4.197                6.24            42sR3220
  4325.378      25.0     4.682     -2.86                                        
  4325.378      26.0     4.175     -3.14                                        
  4325.383 606.01212     0.682    -4.043                6.24            42rQ2132
  4325.387 106.00112     0.598    -7.329               3.464            BX01Q125
  4325.399 106.00112     1.043    -3.488               3.464            AX22P155
  4325.400 106.00113     1.013    -1.807               3.464            AX33R055
  4325.406      24.1     5.666     -4.45                                        
  4325.406      40.0     0.730     -0.99                                        
  4325.436      26.1     6.133     -2.34                                        
  4325.442 606.01212     0.399    -4.518                6.24            31sR3223
  4325.442 606.01212     1.024    -3.982                6.24            42qQ2f52
  4325.447 606.01212     1.004    -4.109                6.24            42qP2152
  4325.451 606.01212     1.173    -0.862                6.24            64rR3f38
  4325.457 106.00112     0.598    -2.655               3.464            BX01R125
  4325.458 106.00112     1.016    -1.884               3.464            AX33R045
  4325.490      27.0     2.135     -3.96                                        
  4325.494 106.00113     1.013    -3.030               3.464            AX33Q055
  4325.497 606.01212     1.024    -3.968                6.24            42qR1252
  4325.515 606.01212     0.343    -6.601                6.24            31tR3117
  4325.517      20.0     2.709     -6.83                                 LAWLER 
  4325.528 606.01212     1.024    -4.006                6.24            42qR2351
  4325.535 606.01212     1.004    -3.972                6.24            42qQ2e51
  4325.540      26.1     6.083     -2.31                                        
  4325.540 606.01212     0.682    -1.041                6.24            42rR1f32
  4325.556 106.00113     1.193    -3.537               3.464            AX22R175
  4325.560      64.1     1.371     -0.25                                 LAWLER 
  4325.567 606.01212     1.004    -3.900                6.24            42qQ1f52
  4325.568 106.00113     1.013    -1.807               3.464            AX33R055
  4325.591      23.0     2.357     -3.25                                        
  4325.596 606.01212     1.004    -4.145                6.24            42qP3251
  4325.600      28.0     3.304     -1.03                                 LAWLER 
  4325.601      26.0     4.555     -2.02                                        
  4325.601 606.01212     0.682    -1.055                6.24            42rR2e31
  4325.602 606.01212     0.525    -7.452                6.24            31rP3135
  4325.614      26.0     4.100     -1.83                                        
  4325.625      24.0     3.110     -1.41                                        
  4325.630 607.01214     3.451    -3.570               7.724          1415Ra0005
  4325.631 607.01214     3.451    -3.867               7.724          1415Qd0005
  4325.636 106.00113     1.193    -1.160               3.464            AX22Q175
  4325.641      40.1     1.742     -1.20                                        
  4325.645 106.00113     1.088    -3.503               3.464            AX22R155
  4325.652 106.00113     1.193    -1.141               3.464            AX22Q185
  4325.655 606.01212     1.004    -4.034                6.24            42qR1251
  4325.658      26.1     6.204     -3.90                                        
  4325.667 106.00112     0.409    -3.171               3.464            BX01R055
  4325.669 106.00113     1.088    -1.182               3.464            AX22Q165
  4325.672 606.01212     0.525    -4.262                6.24            31rQ2135
  4325.674 106.00112     1.016    -3.039               3.464            AX33Q055
  4325.694      64.0     0.066      0.10                                        
  4325.702 606.01212     0.874    -7.589                6.24            53rP3132
  4325.718 106.00113     1.088    -1.205               3.464            AX22Q155
  4325.726      56.1     6.196     -1.00                                        
  4325.726 606.01212     0.682    -1.068                6.24            42rR3f30
  4325.727      24.0     3.119     -2.31                                        
  4325.733 106.00113     1.193    -3.586               3.464            AX22P185
  4325.739      26.0     0.000     -5.18                                        
  4325.741 106.00113     1.088    -3.516               3.464            AX22P165
  4325.750 606.01212     1.167    -6.535                6.24            75tR3124
  4325.752 106.00112     1.016    -1.807               3.464            AX33R055
  4325.760      60.1     0.471     -0.02                                 LAWLER 
  4325.762      26.0     1.607      0.01                                  OBR91 
  4325.802      42.0     2.595     -0.81                              NIST/B    
  4325.821 606.01212     0.980    -6.614                6.24            64sQ3124
  4325.844 106.00112     1.016    -3.030               3.464            AX33Q055
  4325.849 606.01212     1.004    -4.051                6.24            42qR2350
  4325.851      24.0     4.437     -0.54                                        
  4325.866      21.0     2.567     -3.74                                        
  4325.867 606.01213     0.522    -8.169                6.24            20rP3148
  4325.889      92.1     0.685     -1.50                                        
  4325.896 106.00112     1.197    -3.537               3.464            AX22R175
  4325.901 606.01213     0.522    -5.061                6.24            20rQ2148
  4325.901 606.01213     0.522    -8.512                6.24            20rP3148
  4325.904 606.01212     0.980    -3.900                6.24            64sR2124
  4325.905 606.01212     0.173    -7.195                6.24            20tR3121
  4325.910 606.01212     1.004    -4.047                6.24            42qQ3f50
  4325.921 106.00112     1.016    -1.807               3.464            AX33R055
  4325.929 606.01212     0.874    -3.976                6.24            53rQ3231
  4325.931 606.01212     0.525    -1.176                6.24            31rR1e35
  4325.931 606.01212     0.526    -4.258                6.24            31rQ3234
  4325.931 606.01212     0.756    -6.555                6.24            53sQ3120
  4325.941      26.0     3.265     -1.83                                        
  4325.963 606.01212     1.158    -4.020                6.24            64rQ2139
  4325.964 606.01212     1.158    -6.952                6.24            64rP3139
  4325.967 106.00112     1.197    -1.160               3.464            AX22Q175
  4325.985      22.0     3.212     -0.64                                        
  4325.989 106.00112     1.092    -3.503               3.464            AX22R155
  4325.998 606.01212     0.874    -3.963                6.24            53rQ2132
  4326.000 106.00112     1.197    -1.141               3.464            AX22Q185
  4326.001 606.01212     0.526    -1.189                6.24            31rR2f34
  4326.004 606.01213     0.522    -5.068                6.24            20rQ3247
  4326.021 106.00112     1.092    -1.182               3.464            AX22Q165
  4326.047 106.00112     1.092    -1.205               3.464            AX22Q155
  4326.049 106.00112     0.409    -6.977               3.464            BX01Q065
  4326.052 606.01212     0.523    -6.672                6.24            42tR3114
  4326.071 106.00112     1.197    -3.585               3.464            AX22P185
  4326.079 106.00112     1.092    -3.516               3.464            AX22P165
  4326.090 106.00112     0.409    -3.074               3.464            BX01R065
  4326.108 606.01212     0.526    -1.201                6.24            31rR3e33
  4326.115 606.01212     0.756    -4.000                6.24            53sR2120
  4326.121 606.01213     0.522    -5.057                6.24            20rQ3247
  4326.124 606.01213     0.522    -1.699                6.24            20rR1e48
  4326.132 106.00113     0.638    -2.656               3.464            BX01R125
  4326.136      42.0     2.063     -0.30                              NIST/A    
  4326.139      25.0     4.662     -1.60                                        
  4326.140 606.01212     1.158    -0.852                6.24            64rR1e39
  4326.141 606.01213     0.522    -5.060                6.24            20rQ2148
  4326.155 606.01213     0.522    -1.709                6.24            20rR2f47
  4326.162      25.0     4.191     -1.82                                        
  4326.162      26.0     4.206     -3.84                                        
  4326.166 606.01212     0.980    -4.005                6.24            64sR3223
  4326.168 606.01212     0.874    -0.957                6.24            53rR1f32
  4326.170      22.0     1.732     -4.68                                        
  4326.215 606.01212     0.401    -8.417                6.24            20rP3140
  4326.225 606.01212     0.874    -0.971                6.24            53rR2e31
  4326.232 606.01213     0.522    -1.717                6.24            20rR3e46
  4326.236      22.0     1.995     -1.81                                        
  4326.244 606.01213     0.522    -1.699                6.24            20rR1f48
  4326.244 606.01213     0.522    -1.709                6.24            20rR2e47
  4326.245 606.01212     1.158    -0.863                6.24            64rR2f38
  4326.246 606.01212     1.158    -4.017                6.24            64rQ3238
  4326.255      76.0     1.886     -1.27                                        
  4326.274 106.00113     0.388    -3.285               3.464            BX01R045
  4326.283 106.00113     0.341    -5.000               3.464            BX01R015
  4326.285      20.0     2.709     -6.04                                 LAWLER 
  4326.294 106.00113     0.638    -7.329               3.464            BX01Q135
  4326.313      41.0     1.177     -0.46                                        
  4326.315      20.0     6.041     -1.82                                        
  4326.319      23.1     6.161     -3.85                                        
  4326.326      64.1     2.207     -0.16                                        
  4326.333 606.01213     0.522    -1.717                6.24            20rR3f46
  4326.342      23.0     2.573     -4.64                                        
  4326.351      22.0     0.825     -1.26                                 LAWLER 
  4326.356 606.01212     0.401    -4.688                6.24            20rQ3239
  4326.356 606.01212     0.875    -0.984                6.24            53rR3f30
  4326.359 106.00113     0.638    -2.598               3.464            BX01R135
  4326.368 606.01212     0.756    -4.109                6.24            53sR3219
  4326.377      66.0     1.929      0.62                                        
  4326.386 606.01212     1.158    -0.874                6.24            64rR3e37
  4326.401      27.0     2.868     -2.48                                LAWNHFS 
  4326.414 606.01212     0.670    -7.307                6.24            42rP3131
  4326.430      65.0     0.000      0.31                                        
  4326.454      20.0     6.041     -2.62                                        
  4326.471 606.01212     0.670    -4.029                6.24            42rQ2131
  4326.476 606.01212     0.562    -6.604                6.24            42sQ3120
  4326.479      58.1     0.875     -1.77                                 LAWLER 
  4326.490 606.01212     0.401    -4.679                6.24            20rQ2140
  4326.491 606.01213     0.318    -8.315                6.24            20sQ3135
  4326.497 106.00113     1.140    -3.531               3.464            AX22R165
  4326.505 106.00113     1.140    -1.161               3.464            AX22Q175
  4326.514      20.0     6.041     -2.15                                        
  4326.551      23.0     2.503     -4.67                                        
  4326.560 606.01212     1.288    -7.211                6.24            75sQ3135
  4326.580 106.00113     1.140    -1.182               3.464            AX22Q165
  4326.582 606.01213     0.318    -5.325                6.24            20sR2135
  4326.587 106.00113     1.140    -3.541               3.464            AX22P175
  4326.614 606.01212     0.920    -5.639                6.24            64tR3116
  4326.617      20.0     5.963     -3.97                                        
  4326.619 606.01212     0.401    -1.476                6.24            20rR1f40
  4326.626 606.01213     0.318    -8.530                6.24            20sQ3135
  4326.631 606.01212     0.401    -1.487                6.24            20rR2e39
  4326.634      23.1     6.141     -4.45                                        
  4326.639      25.1     5.394     -1.25                                        
  4326.641      23.0     2.573     -3.17                                        
  4326.644 606.01212     0.562    -4.046                6.24            42sR2120
  4326.661      22.0     3.110     -4.04                                        
  4326.677      22.0     2.493     -2.60                                        
  4326.680 606.01213     0.318    -5.425                6.24            20sR3234
  4326.683 106.00113     1.250    -3.562               3.464            AX22R185
  4326.716 606.01212     0.401    -1.498                6.24            20rR3f38
  4326.719 606.01212     0.670    -1.055                6.24            42rR1e31
  4326.723      22.1     5.229     -3.42                                        
  4326.733 106.00113     0.388    -6.831               3.464            BX01Q055
  4326.740      25.0     4.723     -1.81                                        
  4326.744      42.0     1.381     -1.44                              NIST/B+   
  4326.744      56.1     5.718     -3.04                                        
  4326.753      26.0     2.947     -1.81                                  BEL17 
  4326.765 106.00113     0.388    -3.171               3.464            BX01R055
  4326.771 106.00113     1.250    -1.124               3.464            AX22Q195
  4326.771 106.00113     1.250    -1.141               3.464            AX22Q185
  4326.784 606.01212     0.670    -4.026                6.24            42rQ3230
  4326.809 606.01212     1.288    -4.082                6.24            75sR2135
  4326.820      42.0     3.161     -0.70                                        
  4326.823      58.1     0.734     -1.06                                        
  4326.823 607.01214     3.452    -3.867               7.724          1415Qc0005
  4326.824 607.01214     3.452    -3.564               7.724          1415Pa0015
  4326.826      44.0     1.316     -1.23                                        
  4326.841 606.01212     0.670    -1.069                6.24            42rR2f30
  4326.859 106.00112     1.144    -3.531               3.464            AX22R165
  4326.859 106.00113     0.357    -2.865               3.464            AX11P025
  4326.859 106.00113     1.250    -3.610               3.464            AX22P195
  4326.863 606.01212     0.241    -7.731                6.24            20sQ3128
  4326.875 606.01212     1.289    -4.112                6.24            75sR3234
  4326.877 106.00112     1.144    -1.161               3.464            AX22Q175
  4326.907 606.01212     0.562    -4.150                6.24            42sR3219
  4326.917 606.01212     0.862    -7.234                6.24            53rP3131
  4326.918 606.01213     0.318    -5.375                6.24            20sR2135
  4326.924 106.00112     1.144    -1.182               3.464            AX22Q165
  4326.942 106.00112     1.144    -3.541               3.464            AX22P175
  4326.945 106.00113     0.358    -2.863               3.464            AX11P025
  4326.955      24.0     3.844     -4.30                                        
  4326.960      22.0     0.812     -2.28                                 LAWLER 
  4326.965 606.01213     0.318    -5.400                6.24            20sR3234
  4326.967 606.01212     0.390    -7.242                6.24            31sQ3123
  4326.986 606.01212     0.241    -4.919                6.24            20sR2128
  4326.995 606.01212     0.670    -1.083                6.24            42rR3e29
  4326.998 606.01212     0.862    -3.950                6.24            53rQ2131
  4327.005 106.00112     1.395    -4.117               3.464            AX44R095
  4327.033 606.01212     1.143    -7.389                6.24            64rP3138
  4327.039      26.1     2.542     -9.44                                        
  4327.041 106.00112     0.359    -2.865               3.464            AX11P025
  4327.042 106.00112     1.255    -3.562               3.464            AX22R185
  4327.053      78.0     4.173      0.19                                        
  4327.093      90.1     0.556     -2.24                                        
  4327.096      26.0     3.544     -0.96                                        
  4327.100 606.01212     0.512    -7.921                6.24            31rP3134
  4327.102      64.0     0.000     -0.36                                        
  4327.118 106.00112     1.255    -1.141               3.464            AX22Q185
  4327.122 606.01212     0.241    -5.019                6.24            20sR3227
  4327.132 106.00112     0.359    -2.863               3.464            AX11P025
  4327.139 106.00112     1.255    -1.124               3.464            AX22Q195
  4327.150      64.1     0.354     -0.69                                 LAWLER 
  4327.175 106.00112     0.994    -4.626               3.464            BX10P245
  4327.177 106.00113     0.357    -3.150               3.464            AX11Q025
  4327.193      20.0     5.386     -4.48                                        
  4327.208 606.01212     1.143    -4.023                6.24            64rQ3237
  4327.216 106.00112     1.255    -3.610               3.464            AX22P195
  4327.219 606.01212     0.712    -6.155                6.24            53tR3113
  4327.227      21.0     2.109     -3.93                                        
  4327.231      90.1     0.514     -2.15                               Nils02/8 
  4327.236 106.00112     0.994    -0.795               3.464            BX10Q235
  4327.265 106.00113     0.358    -3.157               3.464            AX11Q025
  4327.273      22.0     2.332     -1.43                                        
  4327.274 106.00112     0.994    -0.397               3.464            BX10Q245
  4327.279 606.01212     1.143    -4.012                6.24            64rQ2138
  4327.284 606.01212     0.862    -0.971                6.24            53rR1e31
  4327.288 606.01212     0.863    -3.946                6.24            53rQ3230
  4327.292 606.01212     0.512    -4.260                6.24            31rQ3233
  4327.335 106.00112     0.994    -3.938               3.464            BX10R235
  4327.335 606.01212     0.390    -4.437                6.24            31sR2123
  4327.359 106.00112     0.359    -3.150               3.464            AX11Q025
  4327.369 606.01212     0.863    -0.985                6.24            53rR2f30
  4327.370      41.0     1.079     -1.03                                        
  4327.384 606.01212     0.512    -4.248                6.24            31rQ2134
  4327.403 606.01212     1.143    -0.863                6.24            64rR1f38
  4327.416 106.00113     1.913    -4.622               3.464            AX44R215
  4327.430      44.0     1.002     -1.57                                        
  4327.447 106.00112     0.359    -3.157               3.464            AX11Q025
  4327.452 607.01214     3.452    -4.266               7.724          1415Qc0015
  4327.453 607.01214     3.452    -3.564               7.724          1415Pb0015
  4327.454 606.01212     1.143    -0.874                6.24            64rR2e37
  4327.454 607.01214     3.452    -3.308               7.724          1415Pa0025
  4327.457 606.01212     0.748    -6.670                6.24            53sQ3119
  4327.459 606.01212     0.390    -4.480                6.24            31sR3222
  4327.476 606.01212     1.275    -7.059                6.24            75sQ3134
  4327.479 606.01212     0.985    -4.187                6.24            42qP2151
  4327.491 606.01212     0.863    -0.999                6.24            53rR3e29
  4327.493 606.01212     0.985    -4.206                6.24            42qP3250
  4327.510      22.0     3.111     -3.58                                        
  4327.510      62.1     0.333     -1.76                                 LAWLER 
  4327.511 606.01212     1.275    -4.069                6.24            75sR2134
  4327.512 106.00112     1.395    -4.087               3.464            AX44R095
  4327.520      72.1     1.869     -2.38                                 LAWLER 
  4327.521      25.0     3.380     -5.80                                        
  4327.527      23.1     3.970     -3.73                                        
  4327.539 606.01212     0.512    -1.189                6.24            31rR1f34
  4327.541 606.01212     0.985    -3.891                6.24            42qQ1e51
  4327.553 106.00113     1.194    -1.141               3.464            AX22Q185
  4327.558 606.01212     0.971    -6.839                6.24            64sQ3123
  4327.561 106.00113     1.194    -3.558               3.464            AX22R175
  4327.577 606.01212     0.512    -1.202                6.24            31rR2e33
  4327.579      23.0     2.614     -5.55                                        
  4327.581      23.0     1.194     -4.25                                        
  4327.586 606.01212     0.985    -4.041                6.24            42qQ3e49
  4327.594 606.01212     1.144    -0.885                6.24            64rR3f36
  4327.646 106.00113     1.194    -3.566               3.464            AX22P185
  4327.654 106.00113     1.194    -1.160               3.464            AX22Q175
  4327.658 106.00112     1.020    -5.805               3.464            BX11R205
  4327.658      20.0     4.776     -2.57                                        
  4327.681 106.00112     0.640    -2.655               3.464            BX01R125
  4327.696 606.01212     0.512    -1.214                6.24            31rR3f32
  4327.696 606.01212     1.276    -4.150                6.24            75sR3233
  4327.710 606.01212     0.985    -3.966                6.24            42qQ2f50
  4327.711 606.01212     0.658    -7.887                6.24            42rP3130
  4327.713 606.01212     1.159    -6.280                6.24            75tR3123
  4327.719 606.01212     0.337    -6.842                6.24            31tR3116
  4327.731 606.01212     0.965    -4.136                6.24            42qP2150
  4327.754 606.01213     0.504    -8.170                6.24            20rP3147
  4327.759 106.00113     1.787    -9.166               3.464            CX15R135
  4327.771 606.01212     0.985    -3.985                6.24            42qR1250
  4327.776      26.0     3.692     -2.83                                        
  4327.781 106.00112     0.389    -3.285               3.464            BX01R045
  4327.784 606.01213     0.504    -8.514                6.24            20rP3147
  4327.789 106.00112     0.342    -4.999               3.464            BX01R015
  4327.792      28.0     4.164     -2.05                                        
  4327.792 606.01213     0.504    -5.052                6.24            20rQ2147
  4327.803 606.01212     0.985    -4.025                6.24            42qR2349
  4327.828 606.01212     0.965    -3.956                6.24            42qQ2e49
  4327.837 606.01213     0.214    -7.807                6.24            20tR3126
  4327.845 106.00112     0.640    -7.329               3.464            BX01Q135
  4327.850      60.1     0.182     -2.00                                 LAWLER 
  4327.855 606.01212     0.971    -4.042                6.24            64sR2123
  4327.861 606.01212     0.965    -3.880                6.24            42qQ1f50
  4327.861 606.01213     0.214    -7.540                6.24            20tR3126
  4327.871 606.01212     0.748    -4.008                6.24            53sR2119
  4327.880 606.01212     0.965    -4.175                6.24            42qP3249
  4327.891 606.01213     0.504    -5.059                6.24            20rQ3246
  4327.904      26.0     3.299     -1.70                                        
  4327.913 106.00112     0.640    -2.598               3.464            BX01R135
  4327.928 106.00113     0.358    -2.644               3.464            AX11P035
  4327.930      60.1     0.559     -0.40                                 LAWLER 
  4327.944 106.00112     1.199    -3.558               3.464            AX22R175
  4327.950 106.00112     1.199    -1.141               3.464            AX22Q185
  4327.950 606.01212     0.386    -8.025                6.24            20rP3139
  4327.952 606.01212     0.658    -4.030                6.24            42rQ3229
  4327.956      25.0     4.824     -1.21                                        
  4327.958 606.01212     0.965    -4.053                6.24            42qR1249
  4327.995 106.00113     0.358    -2.644               3.464            AX11P035
